Start_Time,Start_Lat,Start_Lng,Weather_Condition,Road_Condition,Hour,Day_of_Week
2022-01-01 00:00:00,38.74540118847362,-110.74335355806902,Hail,Dry,3,Sunday
2022-01-01 01:00:00,44.50714306409916,-92.9049526310821,Clear,Muddy,15,Friday
2022-01-01 02:00:00,42.31993941811405,-76.35270820617959,Rain,Snowy,5,Friday
2022-01-01 03:00:00,40.98658484197037,-83.38875567952195,Rain,Construction,7,Tuesday
2022-01-01 04:00:00,36.560186404424364,-79.67194260692752,Storm,Icy,1,Monday
2022-01-01 05:00:00,36.55994520336203,-87.06083166446413,Hail,Icy,22,Saturday
2022-01-01 06:00:00,35.580836121682,-85.38617177410737,Cloudy,Wet,21,Wednesday
2022-01-01 07:00:00,43.66176145774935,-77.54021742173404,Clear,Dry,21,Wednesday
2022-01-01 08:00:00,41.01115011743209,-107.5165995570407,Snow,Potholes,15,Sunday
2022-01-01 09:00:00,42.08072577796045,-95.52875181784297,Clear,Snowy,10,Monday
2022-01-01 10:00:00,35.205844942958024,-108.93952790901989,Rain,Muddy,11,Tuesday
2022-01-01 11:00:00,44.699098521619945,-70.61659960016766,Fog,Muddy,23,Wednesday
2022-01-01 12:00:00,43.324426408004214,-72.79703301566934,Clear,Muddy,22,Saturday
2022-01-01 13:00:00,37.12339110678276,-118.02865943157471,Rain,Dry,16,Thursday
2022-01-01 14:00:00,36.818249672071005,-84.72124137421558,Hail,Potholes,18,Sunday
2022-01-01 15:00:00,36.83404509853434,-73.73758412921671,Fog,Wet,7,Monday
2022-01-01 16:00:00,38.042422429595376,-110.97123274363332,Rain,Dry,9,Friday
2022-01-01 17:00:00,40.24756431632238,-91.60273847236853,Hail,Snowy,3,Friday
2022-01-01 18:00:00,39.31945018642116,-74.22558512059791,Storm,Dry,9,Thursday
2022-01-01 19:00:00,37.91229140198042,-118.30270107071006,Clear,Potholes,18,Monday
2022-01-01 20:00:00,41.118528947223794,-85.128986637658,Storm,Wet,11,Sunday
2022-01-01 21:00:00,36.39493860652042,-105.13254963137246,Hail,Wet,20,Tuesday
2022-01-01 22:00:00,37.921446485352185,-73.78019023117348,Snow,Construction,7,Sunday
2022-01-01 23:00:00,38.663618432936914,-71.44708774173162,Rain,Icy,16,Tuesday
2022-01-02 00:00:00,39.56069984217036,-72.7866755443283,Cloudy,Wet,19,Monday
2022-01-02 01:00:00,42.851759613930135,-96.28928916712681,Snow,Construction,21,Tuesday
2022-01-02 02:00:00,36.9967378215836,-76.89786745053433,Clear,Dry,13,Tuesday
2022-01-02 03:00:00,40.142344384136116,-77.77253007324649,Clear,Construction,23,Friday
2022-01-02 04:00:00,40.92414568862043,-104.04497633783721,Storm,Wet,13,Saturday
2022-01-02 05:00:00,35.46450412719998,-78.55422629246613,Hail,Dry,3,Saturday
2022-01-02 06:00:00,41.07544851901439,-118.14961826422537,Storm,Wet,5,Tuesday
2022-01-02 07:00:00,36.705241236872915,-90.18650607589734,Storm,Wet,4,Tuesday
2022-01-02 08:00:00,35.650515929852794,-108.49955813561485,Fog,Muddy,15,Tuesday
2022-01-02 09:00:00,44.48885537253334,-113.97165571113607,Cloudy,Dry,22,Monday
2022-01-02 10:00:00,44.656320330745594,-116.15233991853954,Snow,Dry,20,Friday
2022-01-02 11:00:00,43.08397348116461,-85.18556120609301,Fog,Potholes,2,Saturday
2022-01-02 12:00:00,38.046137691733705,-103.0062518115967,Storm,Wet,17,Tuesday
2022-01-02 13:00:00,35.97672114006384,-83.76166142356192,Hail,Icy,4,Wednesday
2022-01-02 14:00:00,41.84233026512157,-116.73218296005288,Cloudy,Wet,6,Wednesday
2022-01-02 15:00:00,39.40152493739601,-104.23548310846948,Hail,Dry,16,Wednesday
2022-01-02 16:00:00,36.220382348447785,-93.02543538123314,Hail,Potholes,14,Friday
2022-01-02 17:00:00,39.9517691011127,-80.46384175805181,Clear,Snowy,20,Friday
2022-01-02 18:00:00,35.343885211152184,-104.0623748533965,Rain,Potholes,4,Tuesday
2022-01-02 19:00:00,44.09320402078782,-88.70543117814955,Snow,Snowy,18,Monday
2022-01-02 20:00:00,37.58779981600017,-75.70111258819065,Clear,Potholes,17,Tuesday
2022-01-02 21:00:00,41.62522284353982,-89.20684059088477,Rain,Snowy,13,Wednesday
2022-01-02 22:00:00,38.11711076089411,-108.3520262623183,Clear,Dry,11,Monday
2022-01-02 23:00:00,40.200680211778106,-118.7799609221731,Rain,Snowy,20,Saturday
2022-01-03 00:00:00,40.467102793432794,-76.49505630495351,Hail,Construction,7,Wednesday
2022-01-03 01:00:00,36.84854455525527,-118.93652945748065,Snow,Dry,22,Wednesday
2022-01-03 02:00:00,44.695846277645586,-76.26491636579003,Snow,Potholes,0,Thursday
2022-01-03 03:00:00,42.75132823361115,-93.5531432986394,Rain,Construction,22,Friday
2022-01-03 04:00:00,44.39498941564189,-73.04661507435519,Rain,Snowy,23,Monday
2022-01-03 05:00:00,43.948273504276486,-80.06083821131674,Cloudy,Snowy,2,Thursday
2022-01-03 06:00:00,40.978999788110855,-70.10329447333314,Hail,Construction,23,Tuesday
2022-01-03 07:00:00,44.21874235023117,-102.46440922741449,Hail,Dry,11,Sunday
2022-01-03 08:00:00,35.8849250205192,-81.64058555344366,Rain,Snowy,5,Wednesday
2022-01-03 09:00:00,36.95982862419145,-99.9034543195379,Storm,Icy,14,Thursday
2022-01-03 10:00:00,35.45227288910538,-96.00621898480456,Rain,Muddy,4,Tuesday
2022-01-03 11:00:00,38.25330330763264,-88.62472683908149,Snow,Snowy,21,Thursday
2022-01-03 12:00:00,38.88677289689482,-76.31614429068307,Cloudy,Construction,13,Tuesday
2022-01-03 13:00:00,37.71349031773896,-70.79582654003525,Hail,Dry,18,Tuesday
2022-01-03 14:00:00,43.287375091519294,-81.58632930677409,Fog,Dry,9,Monday
2022-01-03 15:00:00,38.5675332669359,-99.1116608916333,Hail,Muddy,12,Saturday
2022-01-03 16:00:00,37.809345096873805,-98.93214988614649,Storm,Dry,8,Friday
2022-01-03 17:00:00,40.426960831582484,-83.12088492055543,Storm,Wet,6,Monday
2022-01-03 18:00:00,36.40924224974763,-108.06114271158488,Rain,Muddy,12,Wednesday
2022-01-03 19:00:00,43.0219698075404,-114.47629434343027,Clear,Snowy,11,Thursday
2022-01-03 20:00:00,35.74550643679771,-102.26889211796117,Snow,Icy,2,Sunday
2022-01-03 21:00:00,44.86886936600517,-105.63805041729591,Rain,Construction,23,Friday
2022-01-03 22:00:00,42.722447692966576,-105.18459397720049,Rain,Snowy,11,Thursday
2022-01-03 23:00:00,36.98715681534173,-108.31961244750451,Cloudy,Snowy,20,Saturday
2022-01-04 00:00:00,35.05522117123603,-117.89534051818191,Cloudy,Muddy,21,Saturday
2022-01-04 01:00:00,43.154614284548344,-119.10630326332931,Snow,Dry,8,Wednesday
2022-01-04 02:00:00,42.06857343847617,-70.61388051319842,Hail,Muddy,9,Thursday
2022-01-04 03:00:00,42.29007168040987,-98.61134331320689,Snow,Potholes,13,Sunday
2022-01-04 04:00:00,42.71270346685946,-100.78366764201591,Cloudy,Muddy,5,Thursday
2022-01-04 05:00:00,35.74044651734091,-86.0176358653465,Fog,Potholes,3,Sunday
2022-01-04 06:00:00,38.584657285442724,-109.0873056067468,Rain,Potholes,6,Thursday
2022-01-04 07:00:00,36.1586905952513,-72.50194080248873,Rain,Wet,22,Monday
2022-01-04 08:00:00,43.63103425875593,-80.6827492792224,Fog,Snowy,13,Sunday
2022-01-04 09:00:00,41.23298126827558,-115.52944988438702,Rain,Wet,10,Saturday
2022-01-04 10:00:00,38.308980248526495,-99.12096121075358,Hail,Icy,3,Thursday
2022-01-04 11:00:00,35.635583502860236,-76.04408462189176,Cloudy,Snowy,7,Sunday
2022-01-04 12:00:00,38.109823217156624,-72.7633988854295,Snow,Icy,9,Saturday
2022-01-04 13:00:00,38.25183322026747,-96.62992443750652,Rain,Dry,20,Friday
2022-01-04 14:00:00,42.29606178338064,-89.32943053946461,Cloudy,Icy,11,Friday
2022-01-04 15:00:00,41.37557471355213,-111.64830269539624,Fog,Muddy,15,Monday
2022-01-04 16:00:00,43.87212742576327,-70.44156869315117,Clear,Icy,16,Saturday
2022-01-04 17:00:00,39.72214925161949,-108.41641493082783,Clear,Wet,6,Tuesday
2022-01-04 18:00:00,36.19594245938302,-72.86341129324371,Clear,Construction,19,Sunday
2022-01-04 19:00:00,42.132447872229946,-87.51766755038157,Hail,Dry,23,Sunday
2022-01-04 20:00:00,42.60785048616897,-89.61316025605704,Storm,Potholes,15,Saturday
2022-01-04 21:00:00,40.61277197569496,-94.36557444917457,Snow,Dry,11,Monday
2022-01-04 22:00:00,42.70967179954561,-108.46650941411207,Clear,Dry,4,Wednesday
2022-01-04 23:00:00,39.93795596364391,-111.17359839972458,Snow,Potholes,19,Sunday
2022-01-05 00:00:00,40.22732829381994,-108.97568954649122,Cloudy,Potholes,4,Thursday
2022-01-05 01:00:00,39.27541018358549,-110.67808689278728,Fog,Snowy,17,Sunday
2022-01-05 02:00:00,35.25419126744095,-81.02077632166234,Cloudy,Muddy,11,Friday
2022-01-05 03:00:00,36.078914269933044,-102.4937370416635,Cloudy,Snowy,22,Saturday
2022-01-05 04:00:00,35.31429185686734,-117.10786617183018,Clear,Icy,13,Tuesday
2022-01-05 05:00:00,41.364104112637804,-71.54486849295944,Storm,Dry,15,Sunday
2022-01-05 06:00:00,38.143559810763264,-75.81070575182872,Hail,Icy,1,Sunday
2022-01-05 07:00:00,40.08570691164703,-73.61238584023936,Fog,Muddy,0,Monday
2022-01-05 08:00:00,44.07566473926093,-70.25460886767823,Rain,Potholes,20,Wednesday
2022-01-05 09:00:00,37.49292229148875,-111.30523753902564,Hail,Construction,22,Wednesday
2022-01-05 10:00:00,39.1038292303563,-100.18789905486706,Clear,Potholes,16,Wednesday
2022-01-05 11:00:00,42.555511385430485,-82.08807621479544,Fog,Construction,18,Tuesday
2022-01-05 12:00:00,37.28798165491622,-85.1989690973104,Fog,Muddy,9,Thursday
2022-01-05 13:00:00,35.76979909828793,-112.30520468300725,Cloudy,Icy,20,Sunday
2022-01-05 14:00:00,37.89751452913768,-79.20834375046911,Cloudy,Muddy,5,Saturday
2022-01-05 15:00:00,36.61221287254004,-108.77797140816696,Rain,Wet,16,Friday
2022-01-05 16:00:00,44.29697652342573,-108.80911925886885,Fog,Muddy,0,Thursday
2022-01-05 17:00:00,43.08120379564417,-93.15127885532932,Rain,Wet,12,Wednesday
2022-01-05 18:00:00,41.33403756510423,-90.35300325791485,Cloudy,Dry,8,Wednesday
2022-01-05 19:00:00,43.71460590187718,-90.99568960810944,Cloudy,Potholes,14,Tuesday
2022-01-05 20:00:00,43.036720768991145,-115.42565813011225,Snow,Icy,16,Friday
2022-01-05 21:00:00,36.865700588860356,-76.12695686848099,Hail,Potholes,14,Saturday
2022-01-05 22:00:00,43.92558998489978,-106.7199978705647,Hail,Muddy,11,Sunday
2022-01-05 23:00:00,40.39342241915651,-113.52425393585979,Rain,Potholes,11,Sunday
2022-01-06 00:00:00,43.07440155164063,-75.56259600655113,Storm,Potholes,0,Thursday
2022-01-06 01:00:00,43.960912999234935,-72.21742508851233,Fog,Construction,13,Monday
2022-01-06 02:00:00,38.18003474971864,-76.89361913672747,Storm,Potholes,0,Wednesday
2022-01-06 03:00:00,36.100519245276764,-79.5241962637561,Fog,Muddy,12,Thursday
2022-01-06 04:00:00,37.279351625419416,-87.2379009680489,Clear,Muddy,6,Wednesday
2022-01-06 05:00:00,39.27107788626256,-92.45713146954304,Snow,Dry,23,Wednesday
2022-01-06 06:00:00,43.18014765922493,-115.65066200442949,Clear,Construction,0,Wednesday
2022-01-06 07:00:00,43.60730583256343,-99.57733934646507,Cloudy,Potholes,19,Thursday
2022-01-06 08:00:00,35.06952130531191,-101.3655741493843,Cloudy,Wet,16,Friday
2022-01-06 09:00:00,40.10747302577566,-107.0123108119837,Storm,Wet,19,Monday
2022-01-06 10:00:00,39.17411003148779,-83.82899431557075,Snow,Muddy,21,Tuesday
2022-01-06 11:00:00,37.2210781047073,-95.20621324606145,Clear,Icy,2,Tuesday
2022-01-06 12:00:00,36.19865367333683,-115.9476892046176,Cloudy,Icy,2,Friday
2022-01-06 13:00:00,38.37615171403628,-108.99083990250944,Cloudy,Dry,3,Friday
2022-01-06 14:00:00,44.429097039125196,-85.83706181702021,Clear,Construction,4,Monday
2022-01-06 15:00:00,38.23202932020755,-116.19345702548499,Fog,Snowy,12,Sunday
2022-01-06 16:00:00,40.187906217433664,-77.43965429756156,Clear,Icy,19,Wednesday
2022-01-06 17:00:00,42.03018958895178,-95.24267364930128,Storm,Dry,6,Tuesday
2022-01-06 18:00:00,38.63629602379294,-95.9706711336676,Storm,Muddy,9,Saturday
2022-01-06 19:00:00,44.71782082720961,-90.37961076702412,Clear,Dry,8,Sunday
2022-01-06 20:00:00,44.62447294942111,-78.76595170374254,Fog,Potholes,9,Sunday
2022-01-06 21:00:00,37.51782295825364,-102.60953960489034,Fog,Wet,13,Monday
2022-01-06 22:00:00,39.97248505892385,-86.09919237204682,Rain,Icy,23,Saturday
2022-01-06 23:00:00,38.0087830981677,-91.71340180021045,Cloudy,Icy,5,Wednesday
2022-01-07 00:00:00,37.848404943774675,-106.64858649152893,Snow,Icy,16,Tuesday
2022-01-07 01:00:00,35.36886947354533,-76.0685006822421,Rain,Potholes,20,Thursday
2022-01-07 02:00:00,41.09564333979897,-80.1286989196536,Fog,Potholes,15,Friday
2022-01-07 03:00:00,40.02679023228862,-87.07740826707872,Storm,Snowy,20,Monday
2022-01-07 04:00:00,35.51478751249989,-77.47091354528791,Rain,Dry,18,Sunday
2022-01-07 05:00:00,37.78646464236611,-76.63528995200988,Snow,Dry,2,Monday
2022-01-07 06:00:00,44.08265885966654,-84.58185116424826,Cloudy,Wet,9,Sunday
2022-01-07 07:00:00,37.395618906669725,-78.14933358181639,Hail,Muddy,13,Thursday
2022-01-07 08:00:00,36.44894872091223,-85.12642691653582,Fog,Muddy,1,Saturday
2022-01-07 09:00:00,39.89452760277563,-85.99296141198498,Fog,Wet,0,Tuesday
2022-01-07 10:00:00,44.856504541106005,-89.06943108924078,Clear,Muddy,4,Wednesday
2022-01-07 11:00:00,37.42055271511501,-82.36416802211794,Rain,Snowy,11,Friday
2022-01-07 12:00:00,41.72135547405878,-112.06974473534632,Snow,Snowy,10,Tuesday
2022-01-07 13:00:00,42.61619615328718,-75.95646204005358,Hail,Wet,18,Tuesday
2022-01-07 14:00:00,37.376375439924,-76.4078236127384,Rain,Potholes,13,Saturday
2022-01-07 15:00:00,42.2821634861186,-118.53763584827205,Rain,Dry,20,Saturday
2022-01-07 16:00:00,38.677831327192536,-78.70916247176186,Clear,Snowy,2,Saturday
2022-01-07 17:00:00,41.323058305935795,-113.55650662632775,Hail,Wet,12,Sunday
2022-01-07 18:00:00,41.335297107608945,-103.2440572870429,Rain,Muddy,1,Saturday
2022-01-07 19:00:00,40.35774684074759,-82.8245871854196,Cloudy,Snowy,5,Thursday
2022-01-07 20:00:00,35.90289770054408,-111.96200519758459,Cloudy,Muddy,20,Tuesday
2022-01-07 21:00:00,43.35302495589238,-79.1016487940469,Clear,Dry,21,Wednesday
2022-01-07 22:00:00,38.207800649717356,-78.3932911021129,Rain,Icy,11,Thursday
2022-01-07 23:00:00,36.86518510399854,-94.62661331195818,Hail,Muddy,1,Monday
2022-01-08 00:00:00,35.40775141554764,-119.68070641415832,Rain,Dry,1,Saturday
2022-01-08 01:00:00,40.90892943188242,-105.64809334125437,Clear,Icy,22,Sunday
2022-01-08 02:00:00,41.775643618422826,-89.15365408121289,Cloudy,Wet,21,Monday
2022-01-08 03:00:00,35.16587828927856,-70.94069109862883,Fog,Dry,13,Tuesday
2022-01-08 04:00:00,40.12093058299281,-88.40932364916658,Fog,Wet,0,Saturday
2022-01-08 05:00:00,37.26495775197938,-107.009820946792,Storm,Icy,22,Saturday
2022-01-08 06:00:00,41.4517279040945,-88.29971484501944,Storm,Dry,7,Tuesday
2022-01-08 07:00:00,36.743664290049914,-93.00073101420722,Rain,Potholes,23,Thursday
2022-01-08 08:00:00,41.90937738102466,-81.00773024244282,Clear,Wet,14,Sunday
2022-01-08 09:00:00,38.86735346300537,-114.65096805865208,Fog,Icy,18,Friday
2022-01-08 10:00:00,44.367299887367345,-81.94860487489859,Snow,Muddy,17,Tuesday
2022-01-08 11:00:00,36.37520944145993,-92.93667106619449,Fog,Snowy,9,Saturday
2022-01-08 12:00:00,38.41066351050259,-71.85039980705027,Storm,Potholes,1,Thursday
2022-01-08 13:00:00,36.13473521240589,-102.9063916980657,Hail,Potholes,3,Friday
2022-01-08 14:00:00,44.24693618278563,-88.3689053433026,Cloudy,Dry,5,Monday
2022-01-08 15:00:00,43.77339353380981,-73.39859472449913,Clear,Construction,20,Monday
2022-01-08 16:00:00,37.57941627715156,-114.87451360046603,Snow,Dry,9,Wednesday
2022-01-08 17:00:00,41.59984046034179,-73.13857563817744,Snow,Dry,21,Friday
2022-01-08 18:00:00,43.17222200201216,-85.60571388495933,Cloudy,Construction,7,Tuesday
2022-01-08 19:00:00,40.552008115994624,-116.6081470447414,Rain,Construction,18,Sunday
2022-01-08 20:00:00,40.296505783560065,-104.95182165265919,Rain,Muddy,3,Friday
2022-01-08 21:00:00,37.418522909004515,-84.59139556773593,Fog,Muddy,23,Wednesday
2022-01-08 22:00:00,35.93102767805899,-116.63246992656141,Snow,Muddy,17,Tuesday
2022-01-08 23:00:00,43.97215757953327,-90.89147699118634,Rain,Icy,12,Sunday
2022-01-09 00:00:00,44.004180571633306,-102.70584715235216,Rain,Dry,23,Saturday
2022-01-09 01:00:00,41.33101457273268,-88.95422411162615,Cloudy,Dry,1,Friday
2022-01-09 02:00:00,38.39029791048701,-117.71289830937435,Fog,Icy,10,Tuesday
2022-01-09 03:00:00,38.49209574612661,-76.42315969238118,Cloudy,Potholes,20,Wednesday
2022-01-09 04:00:00,42.2595567887024,-71.32555154113015,Fog,Muddy,8,Tuesday
2022-01-09 05:00:00,43.97110259952577,-71.55610723571542,Clear,Potholes,18,Friday
2022-01-09 06:00:00,43.87086424265117,-82.51740841285377,Cloudy,Construction,22,Sunday
2022-01-09 07:00:00,42.79875545857624,-113.49568799346841,Storm,Dry,9,Saturday
2022-01-09 08:00:00,41.420316461542875,-82.08684020354887,Cloudy,Potholes,18,Friday
2022-01-09 09:00:00,35.84139964995049,-118.77065417705992,Cloudy,Wet,0,Friday
2022-01-09 10:00:00,36.616287140946135,-118.89382242355013,Storm,Muddy,6,Tuesday
2022-01-09 11:00:00,43.98554188527079,-103.81948904252295,Rain,Snowy,23,Wednesday
2022-01-09 12:00:00,41.064290596595896,-95.56784047976672,Fog,Icy,11,Monday
2022-01-09 13:00:00,35.0919705161663,-81.47962910961034,Rain,Icy,8,Saturday
2022-01-09 14:00:00,36.014715428660324,-85.83523116967474,Snow,Icy,22,Saturday
2022-01-09 15:00:00,41.635017691080556,-97.70486468116258,Clear,Icy,10,Monday
2022-01-09 16:00:00,35.050615838462186,-106.31866668591671,Snow,Wet,16,Sunday
2022-01-09 17:00:00,36.608080514174986,-70.14377499211444,Cloudy,Snowy,15,Friday
2022-01-09 18:00:00,40.48733789366586,-98.69093488820135,Rain,Dry,2,Friday
2022-01-09 19:00:00,41.918951976926934,-97.43064878351623,Storm,Snowy,14,Monday
2022-01-09 20:00:00,41.519612595026004,-111.81880894041655,Fog,Construction,19,Tuesday
2022-01-09 21:00:00,37.2426930946056,-80.25952256250353,Snow,Icy,17,Saturday
2022-01-09 22:00:00,42.12179221347536,-85.31588871092558,Cloudy,Potholes,1,Wednesday
2022-01-09 23:00:00,37.372490874968,-108.96151936056198,Cloudy,Potholes,3,Sunday
2022-01-10 00:00:00,38.25399698159268,-115.88094771920787,Fog,Potholes,17,Friday
2022-01-10 01:00:00,42.464914051180244,-85.97503489626435,Storm,Wet,15,Wednesday
2022-01-10 02:00:00,41.49632899047215,-87.27443928594323,Rain,Wet,17,Wednesday
2022-01-10 03:00:00,43.49223410494178,-106.33702365008953,Snow,Wet,7,Wednesday
2022-01-10 04:00:00,41.57612892300343,-72.45682188747949,Cloudy,Muddy,2,Tuesday
2022-01-10 05:00:00,40.68308603335471,-112.44710541095499,Hail,Potholes,0,Thursday
2022-01-10 06:00:00,35.93674767828092,-98.3832599478699,Fog,Muddy,7,Friday
2022-01-10 07:00:00,38.677158030594335,-72.81920399162006,Storm,Wet,8,Saturday
2022-01-10 08:00:00,37.65202367681725,-99.01363415369389,Clear,Potholes,6,Wednesday
2022-01-10 09:00:00,37.439896433790835,-88.07370261679571,Hail,Snowy,3,Monday
2022-01-10 10:00:00,44.73010554752446,-100.12028010186029,Fog,Potholes,4,Thursday
2022-01-10 11:00:00,38.9309772466676,-106.2892398825665,Storm,Potholes,10,Friday
2022-01-10 12:00:00,43.92046555177113,-70.80111760200859,Rain,Snowy,13,Saturday
2022-01-10 13:00:00,41.31138625997263,-99.53329968424785,Cloudy,Construction,9,Wednesday
2022-01-10 14:00:00,42.94811303541648,-75.29503981604327,Clear,Snowy,0,Friday
2022-01-10 15:00:00,40.02637093105192,-108.50226970544568,Rain,Muddy,8,Friday
2022-01-10 16:00:00,40.76903884626359,-109.34476479874584,Hail,Muddy,2,Wednesday
2022-01-10 17:00:00,39.92517693818864,-118.44329585577444,Hail,Construction,14,Monday
2022-01-10 18:00:00,36.95242987798044,-87.41665873120576,Rain,Muddy,7,Monday
2022-01-10 19:00:00,42.224521152615054,-101.57368281381194,Clear,Wet,9,Sunday
2022-01-10 20:00:00,37.80772362440856,-76.78208750801815,Cloudy,Dry,7,Friday
2022-01-10 21:00:00,35.24315966431454,-96.33950466542214,Rain,Snowy,9,Sunday
2022-01-10 22:00:00,41.45472295907168,-71.59032860426392,Hail,Icy,2,Tuesday
2022-01-10 23:00:00,36.77110679407049,-110.72372421484394,Hail,Wet,21,Friday
2022-01-11 00:00:00,44.40458584352914,-76.56884160221946,Snow,Dry,21,Sunday
2022-01-11 01:00:00,44.53928577002587,-81.17015736041292,Hail,Snowy,23,Wednesday
2022-01-11 02:00:00,44.14864390220448,-81.4539077677974,Fog,Icy,13,Tuesday
2022-01-11 03:00:00,38.70158700255445,-77.76083859415562,Cloudy,Snowy,4,Saturday
2022-01-11 04:00:00,35.15456616528867,-81.94880045285007,Rain,Dry,9,Sunday
2022-01-11 05:00:00,44.28318562587725,-88.68898391842923,Storm,Potholes,3,Saturday
2022-01-11 06:00:00,39.281841483173146,-113.43775611588062,Rain,Dry,7,Saturday
2022-01-11 07:00:00,44.6665481904367,-118.37369102543741,Snow,Construction,11,Friday
2022-01-11 08:00:00,44.63619977089253,-73.95760760921566,Hail,Potholes,1,Friday
2022-01-11 09:00:00,43.5300945546736,-89.1674842739631,Snow,Muddy,10,Friday
2022-01-11 10:00:00,37.94448892069586,-80.17313545119119,Snow,Snowy,10,Saturday
2022-01-11 11:00:00,38.85097728601925,-95.9238824243725,Storm,Snowy,11,Friday
2022-01-11 12:00:00,43.51136671516857,-114.13459055188028,Clear,Snowy,1,Sunday
2022-01-11 13:00:00,38.169220051562775,-113.74071038987248,Fog,Potholes,6,Tuesday
2022-01-11 14:00:00,36.694927466860925,-85.72173563855142,Cloudy,Construction,5,Wednesday
2022-01-11 15:00:00,40.5680126245835,-98.48470525502687,Cloudy,Snowy,15,Wednesday
2022-01-11 16:00:00,44.36154774160781,-109.97376366498317,Clear,Potholes,14,Monday
2022-01-11 17:00:00,41.96029796674973,-95.42027266292816,Rain,Muddy,4,Friday
2022-01-11 18:00:00,40.700611700893646,-116.78955314624329,Rain,Icy,2,Friday
2022-01-11 19:00:00,35.97176493770768,-90.90142990428006,Cloudy,Snowy,7,Tuesday
2022-01-11 20:00:00,41.1500722669917,-106.55032977824511,Cloudy,Wet,22,Saturday
2022-01-11 21:00:00,44.90053850104263,-80.12204496814059,Cloudy,Dry,7,Tuesday
2022-01-11 22:00:00,36.40084015236524,-104.48190205382132,Snow,Dry,14,Thursday
2022-01-11 23:00:00,40.18329652363737,-97.23899254590994,Rain,Construction,19,Saturday
2022-01-12 00:00:00,43.773730719279556,-119.41897300459497,Storm,Icy,7,Sunday
2022-01-12 01:00:00,42.40768617754205,-116.37765561027206,Hail,Potholes,8,Friday
2022-01-12 02:00:00,41.97015740995268,-100.37532217966576,Hail,Snowy,19,Thursday
2022-01-12 03:00:00,42.02484083987109,-96.00305826414382,Cloudy,Wet,20,Saturday
2022-01-12 04:00:00,38.594911512197555,-89.99897259403481,Hail,Wet,23,Saturday
2022-01-12 05:00:00,37.93591844264493,-105.41687106453483,Clear,Snowy,3,Sunday
2022-01-12 06:00:00,43.093611554785134,-85.25090569367288,Storm,Snowy,7,Tuesday
2022-01-12 07:00:00,43.101133946791805,-76.99388014053977,Snow,Snowy,22,Monday
2022-01-12 08:00:00,43.67072318580104,-81.00745055533251,Hail,Wet,4,Monday
2022-01-12 09:00:00,44.132405525564714,-118.01905873258214,Cloudy,Icy,7,Tuesday
2022-01-12 10:00:00,40.11342398860938,-95.97465263710855,Clear,Wet,23,Saturday
2022-01-12 11:00:00,40.015162946871996,-114.75349107909126,Clear,Icy,23,Saturday
2022-01-12 12:00:00,42.98295178966775,-107.89774920687363,Clear,Icy,6,Tuesday
2022-01-12 13:00:00,41.49963930777765,-70.66687033664267,Fog,Muddy,16,Friday
2022-01-12 14:00:00,42.019668772577035,-112.87522285492435,Rain,Potholes,11,Wednesday
2022-01-12 15:00:00,42.95792669436101,-95.0555923274322,Hail,Muddy,13,Monday
2022-01-12 16:00:00,43.90005341817566,-89.09221328409404,Storm,Dry,5,Wednesday
2022-01-12 17:00:00,38.37995156851536,-84.87675147279481,Rain,Dry,9,Saturday
2022-01-12 18:00:00,38.75582952639944,-92.01756582565429,Hail,Muddy,19,Wednesday
2022-01-12 19:00:00,35.93981939840869,-119.51145762904082,Rain,Wet,9,Saturday
2022-01-12 20:00:00,40.78280140996174,-103.6769345878004,Fog,Potholes,2,Wednesday
2022-01-12 21:00:00,35.35942273796742,-94.11441783076442,Cloudy,Muddy,13,Tuesday
2022-01-12 22:00:00,39.6559801813246,-115.60667504275833,Storm,Construction,14,Wednesday
2022-01-12 23:00:00,40.42644634707577,-102.46865343954096,Clear,Construction,13,Saturday
2022-01-13 00:00:00,37.86541252128284,-118.33984456043167,Snow,Icy,16,Thursday
2022-01-13 01:00:00,40.908332605690106,-116.07107514224896,Rain,Muddy,13,Sunday
2022-01-13 02:00:00,35.3050024993905,-100.1538361899202,Clear,Dry,22,Friday
2022-01-13 03:00:00,35.37348188749215,-113.36421229784699,Storm,Icy,11,Sunday
2022-01-13 04:00:00,43.22600560659659,-91.6229575869221,Hail,Construction,17,Monday
2022-01-13 05:00:00,38.60190641411263,-85.52675154313671,Rain,Muddy,10,Sunday
2022-01-13 06:00:00,36.270605126518845,-79.97066504454585,Storm,Icy,6,Thursday
2022-01-13 07:00:00,40.222432600548046,-109.9924877877595,Fog,Muddy,16,Sunday
2022-01-13 08:00:00,42.69993553098611,-111.62587088704652,Snow,Construction,19,Wednesday
2022-01-13 09:00:00,37.15821027496843,-114.77160798327999,Clear,Icy,19,Wednesday
2022-01-13 10:00:00,41.228904758190005,-88.17848752281816,Clear,Icy,9,Monday
2022-01-13 11:00:00,35.85347464993768,-84.67621367565494,Cloudy,Potholes,11,Saturday
2022-01-13 12:00:00,35.516817211686075,-118.4206927587179,Cloudy,Potholes,15,Monday
2022-01-13 13:00:00,40.31354631568148,-73.18938768781551,Fog,Muddy,5,Tuesday
2022-01-13 14:00:00,40.406351216101065,-117.40143581742637,Storm,Potholes,15,Wednesday
2022-01-13 15:00:00,41.374299014982064,-92.93518323494648,Hail,Potholes,17,Thursday
2022-01-13 16:00:00,42.26091333722661,-84.54697402745418,Rain,Muddy,18,Sunday
2022-01-13 17:00:00,44.75852079462535,-76.45154381269572,Clear,Snowy,1,Thursday
2022-01-13 18:00:00,40.163003483011956,-84.29565339337861,Snow,Muddy,23,Wednesday
2022-01-13 19:00:00,38.22956472941246,-79.91359584651042,Cloudy,Icy,11,Saturday
2022-01-13 20:00:00,42.951861947687036,-103.02749037285969,Storm,Icy,9,Saturday
2022-01-13 21:00:00,37.70832251262074,-79.2587443126744,Cloudy,Icy,12,Thursday
2022-01-13 22:00:00,39.38971420705636,-115.99425768076624,Cloudy,Wet,22,Friday
2022-01-13 23:00:00,35.78456381342266,-75.25916719697362,Rain,Wet,16,Tuesday
2022-01-14 00:00:00,35.25350743415458,-92.62038119231319,Rain,Construction,13,Friday
2022-01-14 01:00:00,44.62648414677925,-79.13511150187531,Clear,Snowy,18,Monday
2022-01-14 02:00:00,43.35980120512206,-97.384085774085,Storm,Wet,8,Tuesday
2022-01-14 03:00:00,41.95974206093698,-87.82111524017375,Cloudy,Dry,21,Saturday
2022-01-14 04:00:00,39.0895294441427,-93.67986695319433,Snow,Dry,12,Tuesday
2022-01-14 05:00:00,36.732943200708455,-83.4205239122334,Hail,Potholes,15,Saturday
2022-01-14 06:00:00,36.56437042671086,-115.91850089847053,Rain,Dry,2,Thursday
2022-01-14 07:00:00,37.502428981645956,-116.9823958004718,Cloudy,Potholes,18,Saturday
2022-01-14 08:00:00,40.49226664706121,-107.64483829949268,Cloudy,Potholes,15,Monday
2022-01-14 09:00:00,42.145959227000624,-112.02276599434059,Cloudy,Construction,8,Friday
2022-01-14 10:00:00,41.60197376717731,-76.41082167038991,Storm,Dry,15,Friday
2022-01-14 11:00:00,37.79933896945943,-109.03930063209779,Cloudy,Icy,1,Wednesday
2022-01-14 12:00:00,44.54865280663194,-71.20673720904344,Clear,Potholes,23,Sunday
2022-01-14 13:00:00,42.37896916695769,-103.15521041144466,Storm,Dry,16,Wednesday
2022-01-14 14:00:00,40.543540525114004,-110.89410421556504,Snow,Icy,9,Monday
2022-01-14 15:00:00,41.11720746234352,-80.51507464287604,Cloudy,Wet,18,Tuesday
2022-01-14 16:00:00,39.1960006242779,-87.0646112249562,Storm,Potholes,23,Wednesday
2022-01-14 17:00:00,37.47730989501157,-95.09021417734306,Cloudy,Potholes,10,Monday
2022-01-14 18:00:00,38.55972678651261,-92.23182245311844,Storm,Potholes,0,Wednesday
2022-01-14 19:00:00,42.578461104643694,-84.03991108638681,Rain,Wet,6,Saturday
2022-01-14 20:00:00,35.14393488629756,-108.57726293343507,Storm,Snowy,12,Tuesday
2022-01-14 21:00:00,36.16072640506916,-70.1833041971629,Clear,Icy,12,Friday
2022-01-14 22:00:00,35.46002642021753,-71.26034189266085,Cloudy,Muddy,13,Friday
2022-01-14 23:00:00,35.4072880231897,-87.48371568265316,Cloudy,Wet,13,Tuesday
2022-01-15 00:00:00,43.55460584011007,-110.02287745354275,Rain,Snowy,10,Friday
2022-01-15 01:00:00,42.036578593800236,-85.98858787843542,Storm,Wet,9,Wednesday
2022-01-15 02:00:00,39.74173829087325,-116.39007955104121,Fog,Potholes,18,Monday
2022-01-15 03:00:00,35.978341606510014,-118.4673748897097,Snow,Snowy,14,Wednesday
2022-01-15 04:00:00,39.916158751168325,-107.11585557443931,Storm,Snowy,12,Friday
2022-01-15 05:00:00,39.73471770780566,-96.86885216303418,Rain,Icy,8,Tuesday
2022-01-15 06:00:00,36.73201869910015,-76.58637472958097,Clear,Potholes,0,Saturday
2022-01-15 07:00:00,39.33851649237973,-83.6415465116846,Rain,Snowy,2,Wednesday
2022-01-15 08:00:00,38.98504734397373,-82.86467394000096,Snow,Potholes,9,Wednesday
2022-01-15 09:00:00,41.15850098052216,-98.72533327759623,Cloudy,Icy,23,Saturday
2022-01-15 10:00:00,41.35093650867644,-102.70325037265185,Cloudy,Construction,2,Friday
2022-01-15 11:00:00,35.45304009772045,-101.44806185076986,Rain,Construction,22,Wednesday
2022-01-15 12:00:00,38.746126146264714,-70.6175218131971,Hail,Snowy,3,Sunday
2022-01-15 13:00:00,41.25859915714236,-117.99454042937587,Snow,Wet,7,Sunday
2022-01-15 14:00:00,40.03136258580088,-76.64842519387757,Cloudy,Icy,10,Wednesday
2022-01-15 15:00:00,43.56489841188322,-91.06622957138033,Fog,Snowy,4,Sunday
2022-01-15 16:00:00,41.58693631618945,-98.06922904052047,Cloudy,Construction,11,Wednesday
2022-01-15 17:00:00,36.6293442708143,-83.73711697924318,Clear,Potholes,11,Tuesday
2022-01-15 18:00:00,35.7056874740043,-95.66655292876486,Cloudy,Potholes,10,Sunday
2022-01-15 19:00:00,41.42419278206316,-76.32883809591698,Rain,Dry,16,Sunday
2022-01-15 20:00:00,35.26511310541622,-74.96490679943707,Cloudy,Wet,7,Wednesday
2022-01-15 21:00:00,40.85775581273463,-98.91395365632724,Rain,Muddy,7,Tuesday
2022-01-15 22:00:00,44.402302414249576,-106.15861013824743,Clear,Construction,19,Saturday
2022-01-15 23:00:00,40.75474177875879,-90.38248357033189,Fog,Snowy,2,Monday
2022-01-16 00:00:00,38.88169926206522,-74.38183271916546,Storm,Dry,20,Saturday
2022-01-16 01:00:00,41.43288218442353,-109.46689054971667,Snow,Potholes,15,Friday
2022-01-16 02:00:00,39.582528904915165,-88.85167082182586,Hail,Potholes,16,Tuesday
2022-01-16 03:00:00,40.456167893159346,-88.42198899537397,Fog,Wet,3,Wednesday
2022-01-16 04:00:00,44.41464808776525,-83.34434887923595,Snow,Potholes,23,Friday
2022-01-16 05:00:00,38.86102637800774,-113.421615743637,Hail,Wet,5,Monday
2022-01-16 06:00:00,44.61190563823914,-84.20875176589557,Rain,Construction,4,Sunday
2022-01-16 07:00:00,44.053506419560634,-74.54837396671795,Hail,Wet,3,Tuesday
2022-01-16 08:00:00,36.95791134789297,-111.0158445564879,Clear,Snowy,13,Thursday
2022-01-16 09:00:00,35.693613008751655,-108.12283375380612,Cloudy,Construction,23,Monday
2022-01-16 10:00:00,36.007780013774266,-71.43024529791802,Fog,Wet,5,Sunday
2022-01-16 11:00:00,35.1822182565155,-110.95115236452551,Storm,Snowy,9,Friday
2022-01-16 12:00:00,35.944429607559286,-77.28074533152105,Storm,Icy,4,Friday
2022-01-16 13:00:00,41.83006773416357,-95.38610717759826,Hail,Dry,15,Monday
2022-01-16 14:00:00,35.71188648460229,-107.63844627984115,Snow,Dry,10,Friday
2022-01-16 15:00:00,38.18975630293761,-76.46250493637443,Clear,Snowy,0,Wednesday
2022-01-16 16:00:00,43.44875310969454,-97.73473724986673,Hail,Wet,14,Wednesday
2022-01-16 17:00:00,35.232719357358256,-94.25913230351549,Snow,Construction,4,Thursday
2022-01-16 18:00:00,43.14468482588936,-102.03833153001172,Snow,Icy,14,Thursday
2022-01-16 19:00:00,37.818547747734,-90.35245742825363,Storm,Dry,9,Tuesday
2022-01-16 20:00:00,36.18164827621656,-111.82380637074885,Storm,Construction,16,Friday
2022-01-16 21:00:00,41.96737165364151,-100.44592316741196,Snow,Potholes,4,Friday
2022-01-16 22:00:00,41.28942846779884,-71.52938388323562,Snow,Muddy,18,Wednesday
2022-01-16 23:00:00,43.77472013527053,-107.09332836494363,Snow,Potholes,19,Friday
2022-01-17 00:00:00,42.35071043803886,-87.1631667729354,Snow,Dry,1,Friday
2022-01-17 01:00:00,43.03480930384848,-103.74049678876526,Snow,Icy,2,Tuesday
2022-01-17 02:00:00,37.82034572571307,-81.32634371566996,Clear,Potholes,20,Friday
2022-01-17 03:00:00,36.77439543779723,-113.4563169640825,Snow,Muddy,4,Monday
2022-01-17 04:00:00,42.50614751640858,-71.50894774607276,Cloudy,Dry,7,Saturday
2022-01-17 05:00:00,43.06834739267264,-97.31052293081804,Hail,Muddy,10,Monday
2022-01-17 06:00:00,44.905051420006735,-108.1974768326768,Cloudy,Snowy,6,Saturday
2022-01-17 07:00:00,39.12617676911427,-116.32516263349936,Hail,Dry,20,Monday
2022-01-17 08:00:00,38.72018085792783,-111.51210474562296,Snow,Dry,12,Monday
2022-01-17 09:00:00,42.76412960741997,-94.01130257219911,Fog,Wet,15,Monday
2022-01-17 10:00:00,38.40803540253018,-103.14984117843568,Clear,Potholes,14,Tuesday
2022-01-17 11:00:00,44.307573256035646,-78.55583170586954,Snow,Snowy,14,Tuesday
2022-01-17 12:00:00,43.58412751843012,-98.4556238169097,Fog,Potholes,14,Tuesday
2022-01-17 13:00:00,39.28994027375018,-107.5642863706185,Hail,Snowy,8,Thursday
2022-01-17 14:00:00,42.508710677914976,-89.1427506697985,Hail,Dry,20,Tuesday
2022-01-17 15:00:00,42.54542874084682,-84.66113915572771,Fog,Icy,14,Friday
2022-01-17 16:00:00,36.03123868835932,-111.6479046049525,Fog,Icy,19,Wednesday
2022-01-17 17:00:00,44.02552906679567,-111.61903918558411,Rain,Dry,16,Monday
2022-01-17 18:00:00,40.05252372447857,-118.16642865332285,Fog,Icy,7,Thursday
2022-01-17 19:00:00,43.26457466107742,-83.17989924671798,Cloudy,Potholes,14,Tuesday
2022-01-17 20:00:00,38.20049601030612,-86.80977361890974,Storm,Snowy,2,Sunday
2022-01-17 21:00:00,43.95523228496201,-96.2684562125093,Rain,Dry,3,Wednesday
2022-01-17 22:00:00,38.89201678734163,-77.79147755154014,Clear,Construction,2,Monday
2022-01-17 23:00:00,35.108376514802984,-79.71649235249734,Fog,Muddy,7,Friday
2022-01-18 00:00:00,44.05381976419264,-90.7322817801624,Hail,Dry,4,Sunday
2022-01-18 01:00:00,35.91286676786134,-76.58643597433706,Snow,Snowy,16,Saturday
2022-01-18 02:00:00,38.193136375904146,-109.7079394981616,Storm,Wet,12,Friday
2022-01-18 03:00:00,44.50061967050805,-114.4040190301136,Storm,Wet,10,Tuesday
2022-01-18 04:00:00,44.50607146937556,-106.51251942415053,Hail,Snowy,3,Monday
2022-01-18 05:00:00,40.734378881232864,-117.14565719553426,Rain,Muddy,9,Thursday
2022-01-18 06:00:00,41.31837212169799,-93.4415235999484,Rain,Wet,4,Saturday
2022-01-18 07:00:00,39.4844552197832,-73.16971538525192,Clear,Icy,15,Monday
2022-01-18 08:00:00,37.932107716980646,-118.03282296657451,Rain,Muddy,16,Tuesday
2022-01-18 09:00:00,38.28664545369916,-113.89450429949866,Fog,Dry,15,Tuesday
2022-01-18 10:00:00,41.72518456077039,-97.39004858582824,Storm,Construction,23,Sunday
2022-01-18 11:00:00,42.5237452943768,-73.30624912360476,Clear,Dry,13,Wednesday
2022-01-18 12:00:00,42.91579043725849,-104.19219475116248,Snow,Snowy,11,Thursday
2022-01-18 13:00:00,42.896181427945535,-94.63825956558037,Hail,Snowy,3,Monday
2022-01-18 14:00:00,35.9120610304869,-117.9213570474804,Rain,Construction,7,Tuesday
2022-01-18 15:00:00,39.944203047025816,-112.58283995189555,Hail,Snowy,10,Monday
2022-01-18 16:00:00,35.57558760016644,-70.66849385205765,Fog,Icy,1,Wednesday
2022-01-18 17:00:00,40.49528882323735,-71.74406517819773,Rain,Snowy,8,Saturday
2022-01-18 18:00:00,39.41530501373377,-119.75300095327952,Hail,Muddy,0,Wednesday
2022-01-18 19:00:00,43.877041827583,-72.40941072883805,Clear,Construction,3,Saturday
2022-01-18 20:00:00,38.50915012552079,-88.04400310922497,Storm,Wet,19,Monday
2022-01-18 21:00:00,36.17067016427606,-76.60408527399889,Storm,Dry,23,Saturday
2022-01-18 22:00:00,36.42991682052836,-97.26300721830705,Clear,Potholes,12,Monday
2022-01-18 23:00:00,42.61510631717472,-94.22019857103749,Snow,Icy,11,Saturday
2022-01-19 00:00:00,41.18218063316261,-95.55767098715398,Rain,Potholes,16,Friday
2022-01-19 01:00:00,36.0112267612279,-86.65678712269478,Cloudy,Muddy,9,Tuesday
2022-01-19 02:00:00,35.841068061149976,-113.01743726218436,Fog,Potholes,20,Wednesday
2022-01-19 03:00:00,42.0096913145912,-118.5013205063661,Clear,Potholes,11,Thursday
2022-01-19 04:00:00,35.72763006364193,-104.60350292044046,Rain,Icy,1,Friday
2022-01-19 05:00:00,43.21860059290356,-84.76596186316766,Storm,Dry,0,Sunday
2022-01-19 06:00:00,42.06242227156496,-109.90732739385258,Fog,Snowy,18,Monday
2022-01-19 07:00:00,35.813487806419,-86.32837833375413,Storm,Potholes,7,Saturday
2022-01-19 08:00:00,35.848377140851916,-71.50439769463648,Hail,Wet,6,Tuesday
2022-01-19 09:00:00,44.866395785011754,-115.30496421052908,Cloudy,Potholes,12,Wednesday
2022-01-19 10:00:00,38.7427079575612,-86.36989408874368,Hail,Snowy,4,Sunday
2022-01-19 11:00:00,38.70642147066891,-97.81248903477145,Cloudy,Muddy,10,Tuesday
2022-01-19 12:00:00,43.127995672575025,-76.59288728112473,Cloudy,Muddy,17,Wednesday
2022-01-19 13:00:00,44.472485773838585,-111.1425105276307,Hail,Potholes,18,Saturday
2022-01-19 14:00:00,44.86001063822871,-85.36870238869177,Storm,Dry,13,Saturday
2022-01-19 15:00:00,42.533781852589414,-78.09423551759448,Fog,Potholes,2,Friday
2022-01-19 16:00:00,38.76259585530916,-72.76928902629884,Storm,Snowy,2,Saturday
2022-01-19 17:00:00,35.835007166986685,-85.83759858551771,Fog,Icy,18,Monday
2022-01-19 18:00:00,42.77146915927437,-95.14126179957864,Cloudy,Dry,19,Friday
2022-01-19 19:00:00,40.58404249735805,-89.1076379899393,Storm,Wet,8,Monday
2022-01-19 20:00:00,39.242220092469765,-76.55475077606408,Fog,Dry,19,Sunday
2022-01-19 21:00:00,44.06354385094736,-91.46951266805851,Rain,Construction,0,Tuesday
2022-01-19 22:00:00,36.111974823061516,-118.48064701515815,Rain,Snowy,17,Wednesday
2022-01-19 23:00:00,39.92625104290859,-73.45256522465111,Hail,Construction,13,Friday
2022-01-20 00:00:00,35.11353644767419,-85.52366244842194,Storm,Snowy,23,Saturday
2022-01-20 01:00:00,39.68660641994126,-86.17433071113767,Fog,Wet,2,Friday
2022-01-20 02:00:00,35.56303275681837,-109.21624238011414,Hail,Potholes,19,Tuesday
2022-01-20 03:00:00,36.18817916268072,-87.05572648836714,Rain,Wet,18,Wednesday
2022-01-20 04:00:00,36.17526246777105,-100.30677971729207,Clear,Icy,7,Wednesday
2022-01-20 05:00:00,41.49210302116064,-87.4383511479254,Snow,Potholes,23,Monday
2022-01-20 06:00:00,42.46044879265423,-114.67034848460047,Rain,Construction,10,Friday
2022-01-20 07:00:00,40.8336876509716,-87.10773476984821,Snow,Icy,8,Saturday
2022-01-20 08:00:00,44.62172548474542,-70.02931371146667,Fog,Dry,19,Sunday
2022-01-20 09:00:00,38.74870579523704,-117.5893980569722,Clear,Icy,10,Monday
2022-01-20 10:00:00,37.857120862818604,-71.14129078893413,Rain,Construction,23,Sunday
2022-01-20 11:00:00,43.6859912818946,-99.65460196385646,Hail,Potholes,18,Monday
2022-01-20 12:00:00,37.23595838519453,-76.46232748313705,Hail,Construction,5,Wednesday
2022-01-20 13:00:00,44.63222539440611,-80.88072579708633,Clear,Icy,19,Monday
2022-01-20 14:00:00,35.12154474689817,-91.6491869506666,Snow,Construction,14,Tuesday
2022-01-20 15:00:00,44.69878826707639,-83.07753953743367,Fog,Snowy,8,Wednesday
2022-01-20 16:00:00,35.43159911950576,-76.07422193493261,Snow,Snowy,17,Friday
2022-01-20 17:00:00,43.91143113698071,-99.79298391744835,Rain,Construction,15,Friday
2022-01-20 18:00:00,40.277011090863,-103.64834192183807,Snow,Snowy,3,Saturday
2022-01-20 19:00:00,44.929647961193005,-86.62033072182076,Cloudy,Potholes,3,Friday
2022-01-20 20:00:00,35.73796564735399,-79.60770290293706,Hail,Potholes,4,Thursday
2022-01-20 21:00:00,40.53854284401321,-81.88574326116921,Hail,Dry,4,Sunday
2022-01-20 22:00:00,44.69302535619099,-80.10931755706827,Storm,Muddy,1,Friday
2022-01-20 23:00:00,40.23097844170149,-98.22083425935335,Storm,Potholes,8,Wednesday
2022-01-21 00:00:00,41.293986381352624,-79.10828919124893,Snow,Snowy,6,Thursday
2022-01-21 01:00:00,41.95748688984617,-113.98954723146957,Clear,Icy,12,Friday
2022-01-21 02:00:00,39.545410647677734,-92.77554510195752,Snow,Dry,7,Monday
2022-01-21 03:00:00,41.275580800840636,-119.71206697509392,Storm,Muddy,16,Friday
2022-01-21 04:00:00,40.843143119231,-103.77070850498649,Storm,Icy,6,Tuesday
2022-01-21 05:00:00,44.01158010490989,-101.67692325643011,Cloudy,Muddy,6,Wednesday
2022-01-21 06:00:00,35.454463803414576,-100.19136541953723,Snow,Icy,20,Friday
2022-01-21 07:00:00,37.8096318959223,-85.2266396655069,Storm,Muddy,23,Wednesday
2022-01-21 08:00:00,44.50411484076559,-100.57209493648271,Fog,Icy,16,Saturday
2022-01-21 09:00:00,43.902637838909165,-97.56531886887348,Hail,Dry,2,Thursday
2022-01-21 10:00:00,39.556567527857126,-108.12279345628363,Rain,Construction,23,Sunday
2022-01-21 11:00:00,41.20132597801537,-101.337410418533,Rain,Icy,18,Monday
2022-01-21 12:00:00,37.77381182981133,-108.63651863684242,Fog,Construction,22,Friday
2022-01-21 13:00:00,36.881211597237616,-116.34020381157782,Clear,Wet,23,Tuesday
2022-01-21 14:00:00,39.63698404939982,-89.82757033093111,Snow,Construction,20,Saturday
2022-01-21 15:00:00,38.53352228026053,-86.58936007224918,Hail,Construction,3,Saturday
2022-01-21 16:00:00,40.83656111850872,-89.02548269951927,Snow,Dry,20,Sunday
2022-01-21 17:00:00,35.77734636964985,-96.82529780997137,Rain,Muddy,5,Monday
2022-01-21 18:00:00,44.74394807666167,-101.01071099103851,Fog,Icy,17,Thursday
2022-01-21 19:00:00,44.86210744479603,-76.83331752140873,Clear,Potholes,19,Tuesday
2022-01-21 20:00:00,41.98161714019745,-94.0459107431891,Hail,Muddy,18,Sunday
2022-01-21 21:00:00,40.360963663441204,-96.04090611851345,Clear,Construction,16,Monday
2022-01-21 22:00:00,38.09527616286328,-118.71789670967821,Snow,Dry,11,Tuesday
2022-01-21 23:00:00,43.137950197069486,-102.93760861869218,Fog,Muddy,13,Friday
2022-01-22 00:00:00,41.847311725538795,-100.99021906070715,Clear,Potholes,6,Wednesday
2022-01-22 01:00:00,36.62616939344891,-100.05886095515498,Hail,Dry,9,Tuesday
2022-01-22 02:00:00,44.10927184493843,-90.99138153863339,Clear,Dry,10,Thursday
2022-01-22 03:00:00,43.22537242923169,-93.31987266365607,Fog,Potholes,15,Saturday
2022-01-22 04:00:00,44.49799913291924,-89.60474536032777,Clear,Icy,21,Thursday
2022-01-22 05:00:00,42.2571950838836,-81.7558369228936,Snow,Icy,2,Saturday
2022-01-22 06:00:00,41.1341519593579,-79.35071306419533,Rain,Snowy,12,Thursday
2022-01-22 07:00:00,39.18243036290619,-84.09384618867529,Snow,Muddy,6,Monday
2022-01-22 08:00:00,44.32728483354013,-72.22381520225326,Storm,Muddy,22,Thursday
2022-01-22 09:00:00,43.660638895004084,-119.08837086618192,Snow,Construction,8,Friday
2022-01-22 10:00:00,35.45218670106189,-110.2111007158227,Storm,Icy,22,Monday
2022-01-22 11:00:00,35.26366974497252,-119.6218562510929,Storm,Potholes,7,Wednesday
2022-01-22 12:00:00,38.7646336687805,-87.62626429226985,Rain,Muddy,0,Thursday
2022-01-22 13:00:00,43.10553330781833,-75.09847255250065,Clear,Snowy,18,Monday
2022-01-22 14:00:00,44.872761293149445,-107.82588517118504,Clear,Icy,17,Monday
2022-01-22 15:00:00,36.50416891103528,-73.64827276018467,Fog,Muddy,17,Friday
2022-01-22 16:00:00,40.94130715352135,-116.98663048552196,Cloudy,Wet,11,Friday
2022-01-22 17:00:00,38.808908566310215,-73.27819865972428,Snow,Dry,15,Wednesday
2022-01-22 18:00:00,44.69914397814603,-102.41886563801827,Hail,Potholes,8,Thursday
2022-01-22 19:00:00,43.42118923135709,-114.92895857753918,Storm,Snowy,1,Tuesday
2022-01-22 20:00:00,43.38328704711138,-95.70641204068372,Hail,Icy,12,Friday
2022-01-22 21:00:00,39.6869315979497,-107.1611716139746,Storm,Snowy,5,Sunday
2022-01-22 22:00:00,39.14819502337665,-105.75635490190386,Cloudy,Wet,10,Wednesday
2022-01-22 23:00:00,37.73407071930706,-104.63550175368567,Rain,Wet,5,Monday
2022-01-23 00:00:00,35.56375496650927,-79.84870510836683,Clear,Snowy,6,Tuesday
2022-01-23 01:00:00,43.64722376255053,-93.04193616623728,Rain,Construction,19,Thursday
2022-01-23 02:00:00,43.12901009130078,-104.43461504219982,Clear,Wet,8,Thursday
2022-01-23 03:00:00,44.997176732861305,-89.48331083445407,Hail,Construction,13,Friday
2022-01-23 04:00:00,44.966368370739055,-84.19246628884032,Fog,Snowy,13,Thursday
2022-01-23 05:00:00,40.55431705602628,-106.36879996332331,Rain,Dry,11,Friday
2022-01-23 06:00:00,42.68987415180511,-99.32254492373242,Hail,Potholes,8,Saturday
2022-01-23 07:00:00,44.44765729882428,-113.90569533315262,Storm,Snowy,16,Monday
2022-01-23 08:00:00,43.49647390677411,-110.94253252326598,Rain,Construction,1,Saturday
2022-01-23 09:00:00,37.47348101743198,-85.94410730175086,Hail,Snowy,2,Tuesday
2022-01-23 10:00:00,39.505441353100935,-110.92808261521866,Storm,Dry,18,Wednesday
2022-01-23 11:00:00,36.29159415151495,-93.741830816647,Clear,Muddy,11,Saturday
2022-01-23 12:00:00,44.54051027258723,-84.54768691387837,Storm,Potholes,2,Sunday
2022-01-23 13:00:00,41.0617463445088,-114.6561538452628,Cloudy,Icy,20,Wednesday
2022-01-23 14:00:00,37.28642805503463,-91.63438901855483,Clear,Icy,10,Thursday
2022-01-23 15:00:00,41.71700684405857,-107.17186081493182,Clear,Dry,0,Friday
2022-01-23 16:00:00,41.18128240457896,-71.853656238121,Snow,Snowy,22,Monday
2022-01-23 17:00:00,38.581627180328404,-95.82271766400376,Hail,Construction,4,Tuesday
2022-01-23 18:00:00,36.13557592199629,-79.7003725112421,Cloudy,Potholes,16,Monday
2022-01-23 19:00:00,41.71573195592799,-92.48867289218691,Snow,Muddy,3,Saturday
2022-01-23 20:00:00,40.20307700903793,-117.82937335725904,Storm,Construction,15,Saturday
2022-01-23 21:00:00,42.723183917356394,-88.34243122029889,Clear,Muddy,3,Monday
2022-01-23 22:00:00,40.20163501111993,-72.42983288966715,Hail,Potholes,22,Friday
2022-01-23 23:00:00,43.5218150031854,-89.91940899268344,Hail,Snowy,6,Tuesday
2022-01-24 00:00:00,40.51906838774485,-79.04055702866049,Clear,Dry,15,Sunday
2022-01-24 01:00:00,40.60937971535386,-75.7896768325796,Storm,Wet,6,Wednesday
2022-01-24 02:00:00,43.76653602658345,-108.59601140255337,Storm,Dry,8,Thursday
2022-01-24 03:00:00,39.03482866212397,-109.39775800458867,Hail,Potholes,21,Saturday
2022-01-24 04:00:00,36.34015228450641,-89.45095055745041,Clear,Dry,3,Saturday
2022-01-24 05:00:00,35.28782676313339,-99.44857650966476,Cloudy,Snowy,9,Monday
2022-01-24 06:00:00,42.55137255673619,-78.00693485666397,Storm,Icy,7,Wednesday
2022-01-24 07:00:00,41.20309551353465,-74.99884383009945,Snow,Potholes,16,Sunday
2022-01-24 08:00:00,42.040797680992235,-102.3289310348641,Snow,Snowy,5,Saturday
2022-01-24 09:00:00,37.129641615089106,-108.1564720512759,Snow,Muddy,15,Friday
2022-01-24 10:00:00,36.3637147558677,-80.9737242378069,Fog,Dry,16,Saturday
2022-01-24 11:00:00,35.14544665667882,-106.2596982225932,Snow,Icy,0,Thursday
2022-01-24 12:00:00,38.50587558806597,-78.86928407431608,Storm,Construction,11,Friday
2022-01-24 13:00:00,40.899176868546334,-98.81308731756187,Storm,Potholes,3,Sunday
2022-01-24 14:00:00,38.92244045099732,-86.62250503542649,Clear,Snowy,5,Monday
2022-01-24 15:00:00,39.37474922023729,-115.2232343082666,Cloudy,Potholes,16,Thursday
2022-01-24 16:00:00,44.041586944937485,-88.80703376617134,Hail,Potholes,0,Thursday
2022-01-24 17:00:00,38.482554670233,-97.41161606313855,Storm,Dry,16,Monday
2022-01-24 18:00:00,40.13989489159811,-90.6695768412263,Hail,Construction,19,Sunday
2022-01-24 19:00:00,42.83653012741143,-111.59928961275683,Fog,Muddy,23,Saturday
2022-01-24 20:00:00,38.9654278232127,-83.1563127527909,Storm,Snowy,10,Thursday
2022-01-24 21:00:00,41.22086700227874,-76.86014612283857,Cloudy,Muddy,3,Thursday
2022-01-24 22:00:00,43.62363708746745,-109.16300999546122,Rain,Icy,1,Sunday
2022-01-24 23:00:00,44.49520623657642,-115.21427222399191,Storm,Construction,9,Tuesday
2022-01-25 00:00:00,36.47073480929038,-118.81807069768318,Fog,Potholes,17,Friday
2022-01-25 01:00:00,44.26587625161494,-87.9014249778367,Fog,Muddy,2,Saturday
2022-01-25 02:00:00,39.92116293079538,-89.64529819556097,Fog,Wet,7,Monday
2022-01-25 03:00:00,37.58244388298958,-92.66512936429649,Storm,Construction,21,Wednesday
2022-01-25 04:00:00,39.59135756238261,-108.40264519420123,Rain,Snowy,3,Friday
2022-01-25 05:00:00,44.800325752854775,-100.45470020472426,Storm,Construction,18,Sunday
2022-01-25 06:00:00,39.9261809399287,-90.27618324069135,Storm,Dry,18,Thursday
2022-01-25 07:00:00,38.28751610287508,-95.16165705704154,Clear,Dry,3,Wednesday
2022-01-25 08:00:00,41.33400854316726,-70.61072398925563,Cloudy,Wet,23,Sunday
2022-01-25 09:00:00,37.40145618778193,-113.17801237216334,Rain,Wet,3,Sunday
2022-01-25 10:00:00,35.75863328108664,-85.24277229762032,Fog,Icy,12,Saturday
2022-01-25 11:00:00,36.28879721910649,-99.78406159478538,Hail,Muddy,0,Tuesday
2022-01-25 12:00:00,36.280458389577724,-98.59001925371926,Snow,Icy,15,Sunday
2022-01-25 13:00:00,36.519026935122945,-84.12011171709119,Clear,Construction,10,Sunday
2022-01-25 14:00:00,36.388271726494104,-85.37819243378152,Storm,Construction,17,Thursday
2022-01-25 15:00:00,41.408747448032145,-70.43720031489059,Rain,Potholes,15,Monday
2022-01-25 16:00:00,36.81880084399145,-113.58028552729374,Rain,Wet,3,Wednesday
2022-01-25 17:00:00,38.456672833238635,-114.79451753079168,Storm,Muddy,9,Friday
2022-01-25 18:00:00,43.967884099060115,-83.78305914356295,Snow,Snowy,16,Saturday
2022-01-25 19:00:00,39.73961640262873,-91.08065414967955,Cloudy,Dry,20,Wednesday
2022-01-25 20:00:00,41.675577385210275,-106.2919666720097,Hail,Icy,2,Friday
2022-01-25 21:00:00,36.7231987120163,-116.02903155055067,Rain,Snowy,2,Sunday
2022-01-25 22:00:00,36.92289018808671,-115.71708752017847,Clear,Snowy,18,Friday
2022-01-25 23:00:00,35.408686162664786,-75.29045626679408,Cloudy,Wet,14,Sunday
2022-01-26 00:00:00,36.68935063072165,-110.40663376406286,Clear,Construction,9,Friday
2022-01-26 01:00:00,37.78590339031959,-103.83142189422396,Storm,Wet,23,Tuesday
2022-01-26 02:00:00,36.770104842767466,-108.6671798886506,Fog,Muddy,7,Friday
2022-01-26 03:00:00,35.887025337570556,-102.25018470840314,Storm,Potholes,3,Wednesday
2022-01-26 04:00:00,36.20635871100601,-116.52880786269533,Hail,Muddy,6,Wednesday
2022-01-26 05:00:00,39.607787680327256,-94.04701045458648,Hail,Potholes,2,Friday
2022-01-26 06:00:00,37.06333718405793,-116.61937182038926,Fog,Snowy,13,Sunday
2022-01-26 07:00:00,38.64269861048076,-79.98217460888192,Storm,Potholes,14,Friday
2022-01-26 08:00:00,40.03417270854857,-108.31439590447835,Clear,Dry,14,Sunday
2022-01-26 09:00:00,41.903948286293655,-92.99940426977447,Rain,Dry,18,Thursday
2022-01-26 10:00:00,35.39312139841099,-75.9960456219271,Hail,Muddy,16,Friday
2022-01-26 11:00:00,42.994103989090426,-87.4561315476403,Snow,Muddy,20,Wednesday
2022-01-26 12:00:00,41.27900389490908,-93.35211067243324,Hail,Muddy,15,Monday
2022-01-26 13:00:00,35.817590319488716,-103.78331234423122,Fog,Potholes,7,Wednesday
2022-01-26 14:00:00,43.73578624106777,-103.3499043470901,Fog,Icy,12,Thursday
2022-01-26 15:00:00,44.20872400531813,-86.5256522400905,Snow,Muddy,12,Thursday
2022-01-26 16:00:00,35.61077959854864,-70.29303193894162,Storm,Snowy,17,Friday
2022-01-26 17:00:00,37.76877648147204,-86.90804050753107,Snow,Muddy,7,Wednesday
2022-01-26 18:00:00,43.06201279793061,-92.11082913149875,Hail,Icy,1,Saturday
2022-01-26 19:00:00,42.48259690383658,-83.4674744880377,Rain,Construction,21,Saturday
2022-01-26 20:00:00,36.84521019356377,-96.73971938581408,Rain,Snowy,22,Wednesday
2022-01-26 21:00:00,37.093493233367106,-116.99288286996074,Clear,Potholes,11,Saturday
2022-01-26 22:00:00,38.70472102791382,-91.8851592061045,Rain,Muddy,2,Saturday
2022-01-26 23:00:00,39.84522985191021,-72.118735774731,Clear,Icy,11,Thursday
2022-01-27 00:00:00,41.18254771530296,-111.23485288211702,Fog,Dry,14,Monday
2022-01-27 01:00:00,38.68913639569772,-85.49975545896672,Storm,Dry,12,Tuesday
2022-01-27 02:00:00,39.625347161331476,-109.95331556704718,Rain,Snowy,23,Friday
2022-01-27 03:00:00,42.47470938133756,-93.20861577634594,Rain,Snowy,23,Tuesday
2022-01-27 04:00:00,35.36683202890598,-115.16617751766402,Fog,Wet,22,Saturday
2022-01-27 05:00:00,37.52436944344021,-97.48145318709075,Storm,Muddy,3,Tuesday
2022-01-27 06:00:00,42.13349585884552,-82.1918335552377,Cloudy,Icy,20,Wednesday
2022-01-27 07:00:00,43.95206837687199,-102.62142378805089,Fog,Potholes,13,Tuesday
2022-01-27 08:00:00,40.11677442115666,-86.75441377563911,Rain,Potholes,8,Saturday
2022-01-27 09:00:00,40.32113485265316,-80.22750196051354,Clear,Construction,16,Friday
2022-01-27 10:00:00,36.07172011339776,-73.64110902602737,Rain,Construction,18,Wednesday
2022-01-27 11:00:00,39.47412366823455,-108.26789590722733,Rain,Dry,22,Saturday
2022-01-27 12:00:00,40.32617266455023,-100.0342042095346,Rain,Icy,18,Monday
2022-01-27 13:00:00,37.4247050363473,-112.37919933347914,Clear,Snowy,0,Saturday
2022-01-27 14:00:00,37.69243230949381,-70.37582489208124,Fog,Icy,1,Monday
2022-01-27 15:00:00,38.77284163104623,-73.64995160378524,Rain,Snowy,6,Sunday
2022-01-27 16:00:00,35.20071197777726,-93.00214348597203,Cloudy,Wet,0,Saturday
2022-01-27 17:00:00,38.22079165583178,-77.89833528117893,Fog,Wet,1,Sunday
2022-01-27 18:00:00,37.114480069965445,-93.95210113639789,Hail,Dry,18,Saturday
2022-01-27 19:00:00,38.274973521779145,-88.82071559986201,Clear,Icy,12,Thursday
2022-01-27 20:00:00,36.19762131819251,-115.54377839419917,Cloudy,Icy,15,Tuesday
2022-01-27 21:00:00,43.90527280739895,-82.2364789751596,Fog,Muddy,12,Saturday
2022-01-27 22:00:00,40.93592453554049,-113.61432581823826,Cloudy,Wet,9,Saturday
2022-01-27 23:00:00,41.79102319144489,-78.69661848737358,Hail,Construction,16,Wednesday
2022-01-28 00:00:00,42.89171238607338,-80.8985956164807,Fog,Wet,1,Friday
2022-01-28 01:00:00,39.984421989290574,-84.56276511285118,Fog,Icy,12,Sunday
2022-01-28 02:00:00,35.869202880874234,-118.1919809737619,Rain,Muddy,14,Wednesday
2022-01-28 03:00:00,40.37106541818548,-104.84358220273357,Clear,Icy,6,Sunday
2022-01-28 04:00:00,40.86841118020879,-106.84437150445785,Cloudy,Potholes,7,Sunday
2022-01-28 05:00:00,42.4543947418433,-101.99317962642405,Fog,Snowy,12,Wednesday
2022-01-28 06:00:00,39.316595462296796,-115.61786266180808,Storm,Snowy,4,Thursday
2022-01-28 07:00:00,36.27580302795564,-73.15210884844686,Snow,Snowy,19,Monday
2022-01-28 08:00:00,37.83775905798724,-92.30988796438119,Clear,Icy,12,Tuesday
2022-01-28 09:00:00,38.630822963986354,-104.72378446709882,Hail,Dry,9,Friday
2022-01-28 10:00:00,41.45917241331601,-100.15092414628583,Clear,Construction,15,Saturday
2022-01-28 11:00:00,40.707783046689116,-97.63987297475822,Rain,Snowy,20,Sunday
2022-01-28 12:00:00,38.560967258978465,-89.97028333196914,Fog,Construction,16,Saturday
2022-01-28 13:00:00,44.8651524879298,-94.2160286151751,Snow,Wet,1,Sunday
2022-01-28 14:00:00,41.05774819356887,-74.03040133927914,Cloudy,Icy,16,Friday
2022-01-28 15:00:00,37.37226791735994,-95.15182585470849,Clear,Dry,17,Friday
2022-01-28 16:00:00,36.01782472620404,-70.39209925883436,Storm,Snowy,20,Saturday
2022-01-28 17:00:00,36.52859139184332,-77.42875211274522,Hail,Construction,1,Thursday
2022-01-28 18:00:00,37.45957728384508,-109.57447428213321,Storm,Muddy,2,Friday
2022-01-28 19:00:00,36.606813732595555,-73.47023926780419,Rain,Snowy,10,Saturday
2022-01-28 20:00:00,36.865670240513055,-114.1816801057262,Fog,Snowy,10,Sunday
2022-01-28 21:00:00,37.85095168693847,-79.12751457544042,Fog,Potholes,14,Wednesday
2022-01-28 22:00:00,36.73373595294755,-100.96883532617099,Fog,Snowy,7,Tuesday
2022-01-28 23:00:00,43.96765424626425,-76.10128397774653,Cloudy,Construction,17,Friday
2022-01-29 00:00:00,35.80233745661642,-76.59716549462749,Cloudy,Potholes,17,Tuesday
2022-01-29 01:00:00,40.245113895702545,-79.70372999411894,Snow,Potholes,2,Tuesday
2022-01-29 02:00:00,39.10396826989661,-80.49847818464693,Hail,Icy,16,Thursday
2022-01-29 03:00:00,44.82378616908606,-104.76604304509796,Hail,Icy,16,Wednesday
2022-01-29 04:00:00,36.12038902168052,-115.9540358474374,Storm,Snowy,3,Wednesday
2022-01-29 05:00:00,38.978555990457416,-99.85099106174192,Cloudy,Wet,22,Thursday
2022-01-29 06:00:00,44.69470433275369,-111.32377425067456,Rain,Snowy,12,Monday
2022-01-29 07:00:00,43.6550712589398,-85.25244555487691,Rain,Dry,18,Friday
2022-01-29 08:00:00,43.1707207094928,-102.69501367311072,Hail,Snowy,17,Tuesday
2022-01-29 09:00:00,37.5790282704494,-71.21948995700426,Rain,Potholes,4,Wednesday
2022-01-29 10:00:00,36.70887587390066,-87.95139613273341,Rain,Wet,3,Friday
2022-01-29 11:00:00,41.68643219924431,-78.87597181828195,Clear,Construction,18,Tuesday
2022-01-29 12:00:00,44.293759891275855,-113.37376636290757,Clear,Muddy,6,Tuesday
2022-01-29 13:00:00,40.5676289301393,-76.89927588636887,Fog,Dry,21,Wednesday
2022-01-29 14:00:00,40.716126894699,-73.86214047433029,Hail,Construction,18,Monday
2022-01-29 15:00:00,37.79979093660284,-95.64690405905321,Snow,Icy,0,Sunday
2022-01-29 16:00:00,42.69492933191937,-89.68735311245112,Rain,Potholes,19,Friday
2022-01-29 17:00:00,36.87043748557523,-81.75950995485023,Hail,Icy,6,Friday
2022-01-29 18:00:00,38.23679236404244,-111.25806863697937,Hail,Construction,1,Thursday
2022-01-29 19:00:00,39.25436438616417,-94.87169617682788,Fog,Potholes,17,Friday
2022-01-29 20:00:00,40.07610378684455,-100.06684861138434,Hail,Wet,13,Wednesday
2022-01-29 21:00:00,37.4240973241508,-112.68130039188755,Cloudy,Snowy,1,Saturday
2022-01-29 22:00:00,36.148368247392035,-101.62327888542343,Storm,Snowy,10,Wednesday
2022-01-29 23:00:00,41.10620042441633,-116.59138453072532,Hail,Dry,8,Tuesday
2022-01-30 00:00:00,37.88630553240256,-118.70940465252565,Hail,Dry,11,Tuesday
2022-01-30 01:00:00,40.81238221422612,-113.24168554225886,Cloudy,Icy,13,Monday
2022-01-30 02:00:00,36.543627152742026,-71.84424442054132,Snow,Snowy,8,Thursday
2022-01-30 03:00:00,39.811401018548175,-92.52352320524915,Fog,Snowy,6,Wednesday
2022-01-30 04:00:00,40.32589432551586,-71.708891942339,Hail,Muddy,2,Thursday
2022-01-30 05:00:00,35.51823536822427,-98.37510608349339,Cloudy,Snowy,13,Monday
2022-01-30 06:00:00,38.36604278193921,-104.40919334573702,Storm,Icy,17,Tuesday
2022-01-30 07:00:00,36.344146769389745,-94.6929068579878,Clear,Muddy,5,Tuesday
2022-01-30 08:00:00,35.63374970472768,-98.0244155683545,Rain,Wet,12,Wednesday
2022-01-30 09:00:00,44.89960232389945,-114.7167657869128,Snow,Construction,1,Wednesday
2022-01-30 10:00:00,38.22353844974723,-87.9586842654897,Storm,Potholes,20,Tuesday
2022-01-30 11:00:00,43.09874445854635,-109.19809087452002,Fog,Icy,5,Saturday
2022-01-30 12:00:00,37.54640654763764,-89.02060225510851,Snow,Icy,11,Thursday
2022-01-30 13:00:00,41.815027222239294,-87.48994538009234,Clear,Potholes,9,Sunday
2022-01-30 14:00:00,42.602278598896866,-112.3987573435676,Hail,Snowy,3,Saturday
2022-01-30 15:00:00,40.95638740607844,-116.9325186444666,Hail,Muddy,22,Sunday
2022-01-30 16:00:00,39.715761885501585,-80.961920696578,Cloudy,Icy,20,Monday
2022-01-30 17:00:00,39.11840914147268,-97.00997881153398,Fog,Potholes,13,Friday
2022-01-30 18:00:00,38.488682665429955,-117.09181022472622,Fog,Icy,21,Thursday
2022-01-30 19:00:00,44.29529144247826,-70.25668414151164,Clear,Muddy,17,Sunday
2022-01-30 20:00:00,43.306194077877294,-117.11097195018166,Clear,Construction,10,Friday
2022-01-30 21:00:00,44.65026910666513,-85.24823855707234,Fog,Muddy,7,Friday
2022-01-30 22:00:00,36.24297223485545,-70.81605373682932,Snow,Potholes,9,Sunday
2022-01-30 23:00:00,42.308674752036445,-108.04099478920372,Rain,Potholes,17,Friday
2022-01-31 00:00:00,44.38340456821038,-112.88753156564019,Clear,Muddy,6,Wednesday
2022-01-31 01:00:00,36.8123306616566,-113.93075302887856,Cloudy,Dry,1,Sunday
2022-01-31 02:00:00,35.66496267366777,-104.83624262162022,Storm,Snowy,8,Sunday
2022-01-31 03:00:00,42.41120649290059,-114.94770944946767,Hail,Construction,12,Wednesday
2022-01-31 04:00:00,40.74473113179912,-85.39193291529341,Cloudy,Potholes,21,Thursday
2022-01-31 05:00:00,43.41828776758272,-116.88541009349686,Cloudy,Potholes,4,Tuesday
2022-01-31 06:00:00,36.39772376626289,-94.52889359251051,Hail,Muddy,19,Sunday
2022-01-31 07:00:00,42.9526731185989,-70.16515730735117,Rain,Potholes,23,Saturday
2022-01-31 08:00:00,37.01627320047744,-79.30148652469906,Clear,Muddy,22,Wednesday
2022-01-31 09:00:00,36.636559428657044,-89.23902808844946,Storm,Wet,1,Saturday
2022-01-31 10:00:00,36.64265797930993,-104.68731896066942,Fog,Muddy,11,Thursday
2022-01-31 11:00:00,43.14574720231382,-88.80520818541808,Hail,Muddy,6,Monday
2022-01-31 12:00:00,41.651972206962,-93.64792680441742,Cloudy,Potholes,20,Sunday
2022-01-31 13:00:00,40.23065424769119,-98.69583080548142,Rain,Wet,7,Tuesday
2022-01-31 14:00:00,38.58830484123502,-113.46448116299003,Hail,Muddy,13,Thursday
2022-01-31 15:00:00,43.77200540813108,-75.66978923797666,Hail,Dry,0,Sunday
2022-01-31 16:00:00,38.924451074226354,-97.51076755893388,Fog,Construction,4,Tuesday
2022-01-31 17:00:00,43.16599439471577,-110.26887440896175,Clear,Dry,13,Sunday
2022-01-31 18:00:00,39.39134908570218,-101.61203245613552,Snow,Dry,7,Thursday
2022-01-31 19:00:00,38.76944429424908,-99.29351237355365,Snow,Icy,14,Monday
2022-01-31 20:00:00,39.626797856696065,-78.62310522165629,Hail,Wet,11,Monday
2022-01-31 21:00:00,38.01377874164142,-83.3192809719299,Cloudy,Muddy,14,Friday
2022-01-31 22:00:00,42.47609380176251,-81.53475531793302,Snow,Icy,11,Saturday
2022-01-31 23:00:00,40.02720390092479,-119.44843677856764,Hail,Potholes,18,Sunday
2022-02-01 00:00:00,37.32212695146817,-99.19230009101193,Snow,Construction,4,Wednesday
2022-02-01 01:00:00,43.99574573274568,-95.93279241823382,Cloudy,Construction,21,Monday
2022-02-01 02:00:00,38.838912213732115,-119.04038615884717,Storm,Potholes,18,Thursday
2022-02-01 03:00:00,40.43552861113989,-107.0093395627483,Fog,Dry,5,Friday
2022-02-01 04:00:00,44.06472110964547,-81.98550884389326,Fog,Dry,0,Sunday
2022-02-01 05:00:00,41.242379959139924,-113.14451471355005,Snow,Wet,9,Saturday
2022-02-01 06:00:00,36.16898040708364,-93.23449342737041,Snow,Icy,5,Friday
2022-02-01 07:00:00,44.39832123613475,-109.23990639913812,Cloudy,Muddy,8,Sunday
2022-02-01 08:00:00,41.27708053071418,-119.39396126780534,Snow,Snowy,20,Saturday
2022-02-01 09:00:00,38.34905614657086,-107.93992712002293,Fog,Icy,21,Tuesday
2022-02-01 10:00:00,36.392720726633875,-71.2063122544973,Cloudy,Wet,22,Thursday
2022-02-01 11:00:00,42.94025189270296,-79.92314440585052,Hail,Construction,0,Wednesday
2022-02-01 12:00:00,41.200727559285134,-72.02116778394833,Fog,Icy,15,Monday
2022-02-01 13:00:00,40.334610919763215,-95.60729780368187,Snow,Icy,20,Monday
2022-02-01 14:00:00,43.938925830509575,-114.51319006612482,Rain,Potholes,17,Saturday
2022-02-01 15:00:00,42.885972112245305,-92.60202555131535,Snow,Potholes,2,Thursday
2022-02-01 16:00:00,36.51674879732751,-97.28113327200195,Storm,Muddy,12,Friday
2022-02-01 17:00:00,38.11722067795548,-77.7821458630192,Hail,Muddy,5,Tuesday
2022-02-01 18:00:00,37.484891398144654,-115.09587096078778,Storm,Muddy,11,Tuesday
2022-02-01 19:00:00,42.43946292572677,-95.5879431489111,Rain,Wet,1,Wednesday
2022-02-01 20:00:00,35.33532434735779,-112.49756676530079,Fog,Wet,23,Friday
2022-02-01 21:00:00,40.69889684871316,-103.76620365549701,Cloudy,Snowy,17,Thursday
2022-02-01 22:00:00,42.624586857406904,-83.13214613061001,Fog,Wet,2,Monday
2022-02-01 23:00:00,43.76765636761749,-96.19909353156167,Hail,Construction,22,Friday
2022-02-02 00:00:00,38.42081748715908,-101.20558574271153,Clear,Icy,21,Thursday
2022-02-02 01:00:00,43.21257304672013,-100.27618607149823,Cloudy,Icy,12,Friday
2022-02-02 02:00:00,36.10631736955207,-97.02766157970066,Hail,Wet,16,Friday
2022-02-02 03:00:00,43.46452291734518,-80.74917280814716,Rain,Muddy,8,Saturday
2022-02-02 04:00:00,36.27488662331982,-75.39576555298828,Rain,Icy,23,Friday
2022-02-02 05:00:00,38.97287290560367,-72.23326567480359,Fog,Icy,2,Friday
2022-02-02 06:00:00,42.972953657795536,-80.65483068723525,Fog,Construction,2,Monday
2022-02-02 07:00:00,36.49917427348774,-104.22965521259937,Clear,Potholes,3,Sunday
2022-02-02 08:00:00,37.292513952326416,-85.5932646956729,Cloudy,Wet,19,Monday
2022-02-02 09:00:00,42.22252568393066,-98.1198437972304,Cloudy,Dry,1,Saturday
2022-02-02 10:00:00,42.20036536546074,-107.26646889769744,Fog,Muddy,13,Wednesday
2022-02-02 11:00:00,41.41147632885297,-77.95642102870387,Clear,Icy,10,Monday
2022-02-02 12:00:00,41.939484444671,-118.07868255188374,Storm,Construction,23,Saturday
2022-02-02 13:00:00,40.42724443347596,-74.91190039322882,Fog,Potholes,5,Thursday
2022-02-02 14:00:00,37.51799058906953,-96.9261267687633,Storm,Construction,6,Wednesday
2022-02-02 15:00:00,38.456959935039194,-88.13992615958598,Fog,Potholes,7,Friday
2022-02-02 16:00:00,36.81597716801426,-87.03230388971087,Rain,Icy,19,Thursday
2022-02-02 17:00:00,44.08450561333628,-75.24411296467318,Storm,Icy,16,Thursday
2022-02-02 18:00:00,40.833917947661206,-88.16651589163963,Cloudy,Muddy,17,Monday
2022-02-02 19:00:00,39.0085141676364,-89.30332076199691,Rain,Icy,7,Wednesday
2022-02-02 20:00:00,39.62005803644133,-116.6673979719655,Fog,Snowy,6,Saturday
2022-02-02 21:00:00,44.472833396118155,-94.0795989027398,Snow,Wet,1,Thursday
2022-02-02 22:00:00,36.5335140311608,-112.49154995914792,Cloudy,Snowy,4,Sunday
2022-02-02 23:00:00,40.86229832016797,-83.12831156392572,Fog,Wet,18,Tuesday
2022-02-03 00:00:00,40.05888678884466,-94.38890395936627,Cloudy,Snowy,14,Friday
2022-02-03 01:00:00,41.114542354346476,-85.98861103958234,Cloudy,Construction,3,Sunday
2022-02-03 02:00:00,35.181101838208406,-117.91635496988079,Rain,Muddy,3,Saturday
2022-02-03 03:00:00,43.72123908944151,-115.76039919770984,Storm,Dry,11,Saturday
2022-02-03 04:00:00,44.32118282483612,-84.18383059686589,Snow,Muddy,9,Wednesday
2022-02-03 05:00:00,40.65133183589209,-116.39578320006633,Cloudy,Muddy,12,Sunday
2022-02-03 06:00:00,41.966508238768924,-116.43716361173708,Fog,Wet,23,Thursday
2022-02-03 07:00:00,44.22499381177296,-119.39457623825562,Storm,Muddy,4,Thursday
2022-02-03 08:00:00,42.072386343133985,-72.17493008502599,Rain,Snowy,7,Monday
2022-02-03 09:00:00,36.52539042914261,-83.12458202704966,Snow,Muddy,6,Monday
2022-02-03 10:00:00,40.76288360166813,-102.33742957489679,Hail,Dry,2,Friday
2022-02-03 11:00:00,41.06715046382856,-105.17322093561724,Cloudy,Icy,3,Thursday
2022-02-03 12:00:00,39.24130671302386,-102.51483851270753,Fog,Potholes,16,Sunday
2022-02-03 13:00:00,42.36444235624723,-81.26732344094091,Rain,Dry,19,Wednesday
2022-02-03 14:00:00,44.34367014769015,-86.93146944647928,Fog,Potholes,16,Saturday
2022-02-03 15:00:00,44.255685129067764,-110.7402216066266,Snow,Dry,0,Sunday
2022-02-03 16:00:00,39.50839371404132,-111.29453323329578,Fog,Snowy,20,Wednesday
2022-02-03 17:00:00,36.13238045840755,-115.08021751433013,Fog,Construction,7,Wednesday
2022-02-03 18:00:00,44.848411989623344,-86.9848640149331,Fog,Icy,2,Friday
2022-02-03 19:00:00,43.38898086445934,-81.7813668889132,Snow,Construction,5,Thursday
2022-02-03 20:00:00,36.246626812032666,-106.7476785837498,Rain,Construction,8,Tuesday
2022-02-03 21:00:00,44.20841882617373,-118.95275194845436,Hail,Snowy,12,Tuesday
2022-02-03 22:00:00,43.698963620621285,-115.89141662617864,Hail,Wet,16,Saturday
2022-02-03 23:00:00,40.18838057126072,-71.60699825774847,Rain,Construction,6,Tuesday
2022-02-04 00:00:00,40.912754357449295,-105.22776112612898,Storm,Icy,23,Tuesday
2022-02-04 01:00:00,38.9900270387013,-81.53884260809332,Clear,Muddy,0,Saturday
2022-02-04 02:00:00,35.54761638822031,-88.76682155728682,Storm,Construction,9,Saturday
2022-02-04 03:00:00,38.351972416459006,-100.90301801735521,Hail,Dry,10,Saturday
2022-02-04 04:00:00,43.02853448598012,-109.71563689022224,Storm,Muddy,17,Sunday
2022-02-04 05:00:00,35.04632023004603,-113.93067909202968,Snow,Snowy,5,Sunday
2022-02-04 06:00:00,38.33499171691144,-89.24935159805668,Hail,Potholes,11,Thursday
2022-02-04 07:00:00,38.98168693590944,-81.2683109681106,Storm,Construction,19,Thursday
2022-02-04 08:00:00,40.37395602937923,-87.80478732294347,Cloudy,Construction,3,Wednesday
2022-02-04 09:00:00,44.19855616412761,-93.48489333754208,Fog,Wet,0,Monday
2022-02-04 10:00:00,38.463459943659615,-117.90243882841818,Clear,Construction,19,Monday
2022-02-04 11:00:00,38.469532018962276,-71.57556112028081,Fog,Wet,23,Saturday
2022-02-04 12:00:00,42.375012481097485,-80.06429041727128,Hail,Construction,3,Thursday
2022-02-04 13:00:00,39.52217940889807,-105.35889816495177,Cloudy,Construction,19,Wednesday
2022-02-04 14:00:00,37.24604822939982,-71.00148353205748,Cloudy,Icy,8,Monday
2022-02-04 15:00:00,39.524395161326936,-89.90592051818389,Fog,Snowy,15,Friday
2022-02-04 16:00:00,36.408570203798,-90.87886708963768,Fog,Construction,15,Monday
2022-02-04 17:00:00,36.76386986506223,-82.5963410285234,Fog,Construction,13,Friday
2022-02-04 18:00:00,39.9836777273948,-79.41151059549313,Storm,Construction,6,Sunday
2022-02-04 19:00:00,39.18925449504548,-87.17606963342487,Snow,Construction,19,Wednesday
2022-02-04 20:00:00,44.148459010681,-113.59521268169,Hail,Dry,0,Thursday
2022-02-04 21:00:00,38.623938991166334,-103.08662470027508,Rain,Snowy,1,Friday
2022-02-04 22:00:00,40.80588350278043,-73.59581798369751,Fog,Dry,21,Wednesday
2022-02-04 23:00:00,41.3226428791953,-108.7692194078074,Cloudy,Construction,10,Friday
2022-02-05 00:00:00,35.13094456588334,-101.39164880812433,Snow,Wet,3,Thursday
2022-02-05 01:00:00,41.63537372016711,-98.3961558527902,Hail,Construction,21,Wednesday
2022-02-05 02:00:00,36.780359668697514,-98.02975051527739,Hail,Snowy,19,Wednesday
2022-02-05 03:00:00,44.61070317469455,-89.35302087527373,Storm,Snowy,7,Wednesday
2022-02-05 04:00:00,36.48662727753113,-72.84620811276463,Storm,Construction,1,Monday
2022-02-05 05:00:00,39.14624123727024,-107.96536440837475,Cloudy,Potholes,11,Tuesday
2022-02-05 06:00:00,35.853496680786435,-113.92493118495409,Snow,Snowy,4,Tuesday
2022-02-05 07:00:00,44.96874251845947,-110.12647550700314,Snow,Wet,13,Saturday
2022-02-05 08:00:00,40.02195010331243,-75.65375498953652,Storm,Dry,19,Thursday
2022-02-05 09:00:00,40.953850173200436,-87.7094593672397,Storm,Wet,9,Saturday
2022-02-05 10:00:00,35.67076477388427,-105.70466053804199,Cloudy,Snowy,0,Monday
2022-02-05 11:00:00,42.49960470399178,-79.20265305156914,Clear,Wet,16,Saturday
2022-02-05 12:00:00,37.099055930955856,-76.9315001818282,Clear,Wet,4,Sunday
2022-02-05 13:00:00,43.98054289440714,-77.6742830654861,Hail,Potholes,5,Thursday
2022-02-05 14:00:00,37.051396404820075,-74.05367331802228,Cloudy,Potholes,4,Wednesday
2022-02-05 15:00:00,36.906877206636665,-107.38794899133192,Cloudy,Snowy,6,Wednesday
2022-02-05 16:00:00,35.36549667848095,-82.24790356268608,Storm,Potholes,21,Thursday
2022-02-05 17:00:00,39.720669451099994,-96.973025136293,Fog,Wet,0,Tuesday
2022-02-05 18:00:00,40.64841133262617,-77.90007235549692,Clear,Potholes,14,Friday
2022-02-05 19:00:00,35.657086394283525,-83.57546614191935,Hail,Construction,5,Saturday
2022-02-05 20:00:00,42.755276166950104,-81.17762767501377,Cloudy,Potholes,7,Sunday
2022-02-05 21:00:00,39.532888347480274,-87.19190811594643,Fog,Snowy,9,Monday
2022-02-05 22:00:00,40.2439026932758,-111.12856152651466,Hail,Dry,13,Thursday
2022-02-05 23:00:00,39.407627469382284,-92.74865405515308,Cloudy,Muddy,1,Tuesday
2022-02-06 00:00:00,39.00763060875326,-70.76651302377459,Clear,Wet,6,Sunday
2022-02-06 01:00:00,40.59640331308218,-73.13059667514406,Storm,Dry,3,Monday
2022-02-06 02:00:00,36.552402459307125,-117.84131321014942,Snow,Icy,4,Monday
2022-02-06 03:00:00,36.81928130495271,-111.75925921352814,Snow,Wet,21,Monday
2022-02-06 04:00:00,43.61785621013517,-113.4135613272719,Rain,Wet,12,Thursday
2022-02-06 05:00:00,44.46115462133633,-83.70100450073522,Fog,Wet,15,Monday
2022-02-06 06:00:00,38.73309316279753,-79.11073350715274,Fog,Potholes,19,Friday
2022-02-06 07:00:00,37.70744673143554,-109.3244316844664,Storm,Construction,19,Wednesday
2022-02-06 08:00:00,41.439995432390155,-94.70736535240854,Rain,Icy,23,Friday
2022-02-06 09:00:00,39.087341710980965,-77.96484859944,Clear,Potholes,18,Sunday
2022-02-06 10:00:00,35.25386355660345,-83.35992276168747,Cloudy,Dry,8,Thursday
2022-02-06 11:00:00,36.5615259736619,-92.88813972540758,Hail,Muddy,13,Thursday
2022-02-06 12:00:00,42.15972228847397,-90.48261547706136,Rain,Muddy,11,Sunday
2022-02-06 13:00:00,41.58923941910152,-94.581972654186,Cloudy,Dry,21,Thursday
2022-02-06 14:00:00,35.27095992503484,-105.12257743405897,Rain,Dry,12,Saturday
2022-02-06 15:00:00,37.21972161932949,-91.7489003570492,Fog,Icy,9,Wednesday
2022-02-06 16:00:00,37.310747965880715,-85.55573489749547,Rain,Icy,4,Tuesday
2022-02-06 17:00:00,41.71892743598728,-76.33385420695961,Rain,Snowy,7,Saturday
2022-02-06 18:00:00,35.19710537754364,-88.1854323010376,Clear,Construction,5,Saturday
2022-02-06 19:00:00,36.04108581984574,-81.9439231478421,Storm,Muddy,21,Wednesday
2022-02-06 20:00:00,42.999160853731894,-111.99641825227135,Cloudy,Icy,18,Thursday
2022-02-06 21:00:00,36.78544662054334,-96.92212627901051,Hail,Dry,1,Thursday
2022-02-06 22:00:00,41.52746107851875,-119.53341900864534,Rain,Construction,23,Wednesday
2022-02-06 23:00:00,37.381827810467264,-107.66605677391885,Fog,Icy,12,Thursday
2022-02-07 00:00:00,35.99441392759345,-83.67691424434976,Snow,Muddy,18,Friday
2022-02-07 01:00:00,37.43172190999454,-70.40950243253184,Hail,Wet,23,Saturday
2022-02-07 02:00:00,42.22266931855659,-115.0410950206392,Hail,Dry,23,Saturday
2022-02-07 03:00:00,43.55696468106286,-99.92528420693559,Snow,Wet,2,Friday
2022-02-07 04:00:00,43.30219864566992,-79.99645156504202,Rain,Potholes,15,Tuesday
2022-02-07 05:00:00,38.97183529618455,-109.79821826855506,Storm,Muddy,6,Thursday
2022-02-07 06:00:00,41.68085136570646,-92.2457525348857,Rain,Icy,19,Thursday
2022-02-07 07:00:00,37.04984295415821,-83.34643519851626,Snow,Snowy,22,Tuesday
2022-02-07 08:00:00,37.93147730261013,-89.20072748699104,Fog,Snowy,1,Sunday
2022-02-07 09:00:00,43.9633581852112,-110.5987632692292,Rain,Snowy,23,Friday
2022-02-07 10:00:00,35.13001923510736,-102.23077156571303,Hail,Muddy,5,Sunday
2022-02-07 11:00:00,35.85508530854468,-80.81041077573013,Hail,Wet,20,Saturday
2022-02-07 12:00:00,37.078862551460276,-92.28867429339917,Cloudy,Wet,19,Thursday
2022-02-07 13:00:00,35.2653220387382,-119.73851932285436,Snow,Potholes,8,Wednesday
2022-02-07 14:00:00,36.81435435089797,-81.9504619985953,Cloudy,Construction,20,Tuesday
2022-02-07 15:00:00,40.83041560969692,-118.23443225298804,Hail,Dry,20,Thursday
2022-02-07 16:00:00,39.21424550592498,-82.7133108634384,Rain,Snowy,4,Monday
2022-02-07 17:00:00,43.92671711076975,-109.87597199173813,Fog,Muddy,14,Wednesday
2022-02-07 18:00:00,43.17443561738441,-72.09632599403099,Hail,Dry,19,Monday
2022-02-07 19:00:00,38.41817351697876,-101.60296243489577,Storm,Snowy,16,Tuesday
2022-02-07 20:00:00,37.59423433431292,-103.65341918309605,Clear,Dry,21,Sunday
2022-02-07 21:00:00,38.79692408167267,-112.55559748337777,Hail,Snowy,0,Wednesday
2022-02-07 22:00:00,40.90294942514808,-104.71978922548925,Fog,Snowy,16,Thursday
2022-02-07 23:00:00,37.680636408228764,-76.16746190858997,Cloudy,Muddy,22,Thursday
2022-02-08 00:00:00,41.24148907849134,-70.18328311863763,Snow,Wet,13,Monday
2022-02-08 01:00:00,39.094116521912404,-101.58452347465759,Storm,Icy,13,Sunday
2022-02-08 02:00:00,40.5204718085198,-97.56946845227287,Hail,Snowy,4,Wednesday
2022-02-08 03:00:00,39.36126529135316,-83.89645308986314,Snow,Dry,23,Friday
2022-02-08 04:00:00,37.94465759541917,-75.69021097674627,Hail,Wet,21,Thursday
2022-02-08 05:00:00,44.48453306962156,-90.3477832906608,Hail,Muddy,11,Saturday
2022-02-08 06:00:00,42.636057941597606,-100.42371509110853,Hail,Dry,7,Saturday
2022-02-08 07:00:00,36.40113175766452,-99.36890795756881,Storm,Snowy,11,Tuesday
2022-02-08 08:00:00,43.68467975897913,-85.21909267515966,Hail,Potholes,2,Thursday
2022-02-08 09:00:00,39.874311982495136,-119.83908681978606,Storm,Snowy,5,Tuesday
2022-02-08 10:00:00,43.94552226894091,-89.02053312700797,Hail,Snowy,5,Friday
2022-02-08 11:00:00,42.998552559473154,-102.22534947793213,Cloudy,Snowy,12,Wednesday
2022-02-08 12:00:00,39.25213504469234,-80.2901334361458,Hail,Dry,0,Friday
2022-02-08 13:00:00,35.224693083201174,-115.3504680088434,Snow,Snowy,22,Saturday
2022-02-08 14:00:00,37.68677359384946,-90.58988665258047,Fog,Potholes,4,Thursday
2022-02-08 15:00:00,40.41634214660867,-95.95135550569381,Hail,Potholes,3,Wednesday
2022-02-08 16:00:00,41.33478219826147,-87.88372370473863,Storm,Icy,17,Sunday
2022-02-08 17:00:00,37.57887685433202,-116.75732027585158,Clear,Potholes,22,Thursday
2022-02-08 18:00:00,36.39356074072824,-91.00081062859343,Snow,Potholes,20,Wednesday
2022-02-08 19:00:00,43.34930236799299,-91.92577060202382,Storm,Muddy,7,Sunday
2022-02-08 20:00:00,44.84402180703552,-91.96699527919145,Rain,Dry,0,Thursday
2022-02-08 21:00:00,40.25690182302686,-89.82561667017725,Clear,Icy,14,Thursday
2022-02-08 22:00:00,36.71679285848303,-86.17660313868188,Fog,Dry,22,Friday
2022-02-08 23:00:00,37.72307326519369,-79.75055001596152,Cloudy,Construction,18,Thursday
2022-02-09 00:00:00,35.18390676547467,-106.50896399358928,Fog,Construction,20,Monday
2022-02-09 01:00:00,44.14298806560499,-78.7475294909969,Cloudy,Dry,20,Tuesday
2022-02-09 02:00:00,36.17751082890141,-95.08721588682732,Storm,Construction,23,Monday
2022-02-09 03:00:00,40.765164755142536,-116.14708604328344,Rain,Dry,8,Friday
2022-02-09 04:00:00,37.74055220687206,-117.07245353780104,Storm,Icy,22,Tuesday
2022-02-09 05:00:00,40.541780025157934,-103.28808406519695,Fog,Potholes,9,Tuesday
2022-02-09 06:00:00,41.51420388351864,-80.75515114442662,Storm,Potholes,2,Wednesday
2022-02-09 07:00:00,43.29741803707202,-84.6159532629542,Storm,Construction,7,Saturday
2022-02-09 08:00:00,37.06421271760603,-80.56925176637968,Snow,Muddy,3,Monday
2022-02-09 09:00:00,35.109958286584806,-94.13654717791954,Clear,Icy,3,Tuesday
2022-02-09 10:00:00,36.36885630068807,-97.99005010222547,Cloudy,Construction,22,Saturday
2022-02-09 11:00:00,44.00018641848105,-112.6273736646858,Clear,Icy,19,Saturday
2022-02-09 12:00:00,43.738900775625154,-103.59036231953442,Cloudy,Construction,23,Thursday
2022-02-09 13:00:00,40.97413102170308,-98.29903169130624,Cloudy,Construction,15,Thursday
2022-02-09 14:00:00,41.00516860433653,-115.56997851601913,Storm,Icy,4,Tuesday
2022-02-09 15:00:00,41.650366745462556,-108.96940236443943,Cloudy,Muddy,23,Tuesday
2022-02-09 16:00:00,36.753712786234495,-90.08873529681306,Cloudy,Muddy,16,Saturday
2022-02-09 17:00:00,44.144119459249595,-83.2168442880405,Storm,Snowy,22,Monday
2022-02-09 18:00:00,39.18770524892073,-70.08262443035252,Snow,Muddy,18,Monday
2022-02-09 19:00:00,38.83138528249498,-73.34433343282211,Storm,Icy,5,Friday
2022-02-09 20:00:00,40.18917705282838,-87.87174002324042,Clear,Wet,14,Tuesday
2022-02-09 21:00:00,35.46965966775055,-98.9375973352964,Fog,Snowy,4,Friday
2022-02-09 22:00:00,36.66283368756079,-88.19113176458836,Fog,Snowy,7,Monday
2022-02-09 23:00:00,42.3803361642637,-80.7174190959884,Hail,Potholes,16,Friday
2022-02-10 00:00:00,35.82798667925127,-114.08319045383064,Hail,Wet,3,Monday
2022-02-10 01:00:00,41.03152109466388,-99.5047555151856,Hail,Dry,17,Tuesday
2022-02-10 02:00:00,37.45349109681321,-78.00988571821914,Storm,Dry,22,Tuesday
2022-02-10 03:00:00,38.89295614041976,-100.8083524033478,Cloudy,Icy,22,Sunday
2022-02-10 04:00:00,37.886937367707,-91.40638643864068,Clear,Muddy,9,Friday
2022-02-10 05:00:00,38.556727164649494,-90.61153195689009,Rain,Snowy,23,Thursday
2022-02-10 06:00:00,42.19045905184245,-110.77618734331803,Clear,Snowy,23,Monday
2022-02-10 07:00:00,37.97121715623175,-101.88822791738558,Cloudy,Potholes,0,Saturday
2022-02-10 08:00:00,40.66404640296897,-103.27443556290339,Fog,Wet,14,Friday
2022-02-10 09:00:00,39.760504021991,-118.69016457339676,Cloudy,Icy,22,Tuesday
2022-02-10 10:00:00,41.63671165362648,-118.79041180543224,Rain,Wet,23,Monday
2022-02-10 11:00:00,44.36829739324758,-78.41514781621132,Clear,Construction,5,Thursday
2022-02-10 12:00:00,42.3257209721025,-106.34645950135938,Storm,Potholes,13,Sunday
2022-02-10 13:00:00,37.149403785907566,-94.09606168805922,Cloudy,Dry,22,Sunday
2022-02-10 14:00:00,35.31183135061285,-105.06372132056134,Snow,Potholes,3,Tuesday
2022-02-10 15:00:00,37.622640442998254,-72.96603774423298,Snow,Icy,17,Saturday
2022-02-10 16:00:00,40.95077930700255,-107.03516205671131,Clear,Potholes,5,Friday
2022-02-10 17:00:00,35.51425813484251,-98.51715936305325,Cloudy,Construction,23,Saturday
2022-02-10 18:00:00,39.963662472012366,-76.36348747576992,Snow,Dry,4,Saturday
2022-02-10 19:00:00,40.96842848916889,-77.90332166040957,Fog,Wet,21,Tuesday
2022-02-10 20:00:00,38.34243890816961,-110.69492910768614,Clear,Dry,2,Friday
2022-02-10 21:00:00,42.70912203745822,-79.86783451021448,Cloudy,Dry,17,Tuesday
2022-02-10 22:00:00,36.06598253133772,-97.09065566310537,Clear,Muddy,15,Saturday
2022-02-10 23:00:00,35.75137781735809,-95.85155639573225,Fog,Muddy,21,Wednesday
2022-02-11 00:00:00,42.28188756203603,-113.32600137920281,Hail,Dry,10,Thursday
2022-02-11 01:00:00,39.954913162061985,-115.96992431214377,Storm,Potholes,6,Friday
2022-02-11 02:00:00,41.88402396427736,-83.60303465131173,Cloudy,Icy,5,Tuesday
2022-02-11 03:00:00,39.34827338603746,-95.17694238223501,Snow,Wet,1,Wednesday
2022-02-11 04:00:00,37.464020332391065,-98.15746486924102,Storm,Wet,6,Monday
2022-02-11 05:00:00,43.19102317674199,-83.52458856738016,Rain,Construction,2,Tuesday
2022-02-11 06:00:00,42.99415878968979,-81.72435505044452,Snow,Dry,0,Sunday
2022-02-11 07:00:00,41.94696470854427,-112.05459161653232,Clear,Snowy,9,Thursday
2022-02-11 08:00:00,37.721451372299626,-89.48874252611793,Fog,Icy,17,Wednesday
2022-02-11 09:00:00,40.90230666869087,-113.23229588611572,Snow,Potholes,23,Tuesday
2022-02-11 10:00:00,38.60973896940027,-82.43124569854771,Cloudy,Potholes,21,Monday
2022-02-11 11:00:00,35.915820733266344,-87.15224218664302,Clear,Icy,11,Thursday
2022-02-11 12:00:00,44.17313575462243,-72.1692689458271,Snow,Muddy,9,Friday
2022-02-11 13:00:00,36.36818630918961,-116.55209918217894,Fog,Muddy,13,Monday
2022-02-11 14:00:00,44.502373538208026,-117.14726394243729,Cloudy,Icy,2,Saturday
2022-02-11 15:00:00,39.46005772957956,-105.89064626534,Storm,Icy,11,Thursday
